"TIME","GEO","AGE","AGEDEF","UNIT","SEX","Value","Flag and Footnotes"
"1990","Belgium","Total","Age in completed years","Number","Total","32,502",""
"1990","Bulgaria","Total","Age in completed years","Number","Total",":",""
"1990","Czechia","Total","Age in completed years","Number","Total",":",""
"1990","Denmark","Total","Age in completed years","Number","Total","32,383",""
"1990","Germany (until 1990 former territory of the FRG)","Total","Age in completed years","Number","Total","610,595",""
"1990","Estonia","Total","Age in completed years","Number","Total",":",""
"1990","Ireland","Total","Age in completed years","Number","Total","40,550",""
"1990","Greece","Total","Age in completed years","Number","Total",":",""
"1990","Spain","Total","Age in completed years","Number","Total",":",""
"1990","France","Total","Age in completed years","Number","Total",":",""
"1990","Croatia","Total","Age in completed years","Number","Total",":",""
"1990","Italy","Total","Age in completed years","Number","Total","55,989",""
"1990","Cyprus","Total","Age in completed years","Number","Total",":",""
"1990","Latvia","Total","Age in completed years","Number","Total",":",""
"1990","Lithuania","Total","Age in completed years","Number","Total","23,592",""
"1990","Luxembourg","Total","Age in completed years","Number","Total","6,339",""
"1990","Hungary","Total","Age in completed years","Number","Total",":",""
"1990","Malta","Total","Age in completed years","Number","Total",":",""
"1990","Netherlands","Total","Age in completed years","Number","Total","57,344",""
"1990","Austria","Total","Age in completed years","Number","Total",":",""
"1990","Poland","Total","Age in completed years","Number","Total","18,440",""
"1990","Portugal","Total","Age in completed years","Number","Total",":",""
"1990","Romania","Total","Age in completed years","Number","Total",":",""
"1990","Slovenia","Total","Age in completed years","Number","Total","4,908",""
"1990","Slovakia","Total","Age in completed years","Number","Total","867",""
"1990","Finland","Total","Age in completed years","Number","Total","6,477",""
"1990","Sweden","Total","Age in completed years","Number","Total","25,196",""
"1990","United Kingdom","Total","Age in completed years","Number","Total",":",""
"1990","Iceland","Total","Age in completed years","Number","Total","3,847",""
"1990","Liechtenstein","Total","Age in completed years","Number","Total",":",""
"1990","Norway","Total","Age in completed years","Number","Total","23,784",""
"1990","Switzerland","Total","Age in completed years","Number","Total","97,601",""
"1990","North Macedonia","Total","Age in completed years","Number","Total",":",""
"1990","Belarus","Total","Age in completed years","Number","Total",":",""
"1990","Moldova","Total","Age in completed years","Number","Total",":",""
"1990","Russia","Total","Age in completed years","Number","Total",":",""
"1990","San Marino","Total","Age in completed years","Number","Total",":",""
"1990","Kyrgyzstan","Total","Age in completed years","Number","Total",":",""
"1990","Tajikistan","Total","Age in completed years","Number","Total",":",""
"1990","Uzbekistan","Total","Age in completed years","Number","Total",":",""
"1990","Armenia","Total","Age in completed years","Number","Total",":",""
"1990","Azerbaijan","Total","Age in completed years","Number","Total",":",""
"1991","Belgium","Total","Age in completed years","Number","Total","33,752",""
"1991","Bulgaria","Total","Age in completed years","Number","Total",":",""
"1991","Czechia","Total","Age in completed years","Number","Total",":",""
"1991","Denmark","Total","Age in completed years","Number","Total","32,629",""
"1991","Germany (until 1990 former territory of the FRG)","Total","Age in completed years","Number","Total","596,455",""
"1991","Estonia","Total","Age in completed years","Number","Total",":",""
"1991","Ireland","Total","Age in completed years","Number","Total","33,875",""
"1991","Greece","Total","Age in completed years","Number","Total","64,628",""
"1991","Spain","Total","Age in completed years","Number","Total",":",""
"1991","France","Total","Age in completed years","Number","Total",":",""
"1991","Croatia","Total","Age in completed years","Number","Total","8,647",""
"1991","Italy","Total","Age in completed years","Number","Total","57,730",""
"1991","Cyprus","Total","Age in completed years","Number","Total",":",""
"1991","Latvia","Total","Age in completed years","Number","Total","29,729",""
"1991","Lithuania","Total","Age in completed years","Number","Total","22,503",""
"1991","Luxembourg","Total","Age in completed years","Number","Total","6,740",""
"1991","Hungary","Total","Age in completed years","Number","Total",":",""
"1991","Malta","Total","Age in completed years","Number","Total",":",""
"1991","Netherlands","Total","Age in completed years","Number","Total","57,328",""
"1991","Austria","Total","Age in completed years","Number","Total",":",""
"1991","Poland","Total","Age in completed years","Number","Total","20,977",""
"1991","Portugal","Total","Age in completed years","Number","Total","37,336",""
"1991","Romania","Total","Age in completed years","Number","Total",":",""
"1991","Slovenia","Total","Age in completed years","Number","Total","9,060",""
"1991","Slovakia","Total","Age in completed years","Number","Total","527",""
"1991","Finland","Total","Age in completed years","Number","Total","5,984",""
"1991","Sweden","Total","Age in completed years","Number","Total","24,745",""
"1991","United Kingdom","Total","Age in completed years","Number","Total",":",""
"1991","Iceland","Total","Age in completed years","Number","Total","2,982",""
"1991","Liechtenstein","Total","Age in completed years","Number","Total",":",""
"1991","Norway","Total","Age in completed years","Number","Total","18,238",""
"1991","Switzerland","Total","Age in completed years","Number","Total","103,333",""
"1991","North Macedonia","Total","Age in completed years","Number","Total",":",""
"1991","Belarus","Total","Age in completed years","Number","Total",":",""
"1991","Moldova","Total","Age in completed years","Number","Total",":",""
"1991","Russia","Total","Age in completed years","Number","Total",":",""
"1991","San Marino","Total","Age in completed years","Number","Total",":",""
"1991","Kyrgyzstan","Total","Age in completed years","Number","Total",":",""
"1991","Tajikistan","Total","Age in completed years","Number","Total",":",""
"1991","Uzbekistan","Total","Age in completed years","Number","Total",":",""
"1991","Armenia","Total","Age in completed years","Number","Total",":",""
"1991","Azerbaijan","Total","Age in completed years","Number","Total",":",""
"1992","Belgium","Total","Age in completed years","Number","Total","33,707",""
"1992","Bulgaria","Total","Age in completed years","Number","Total",":",""
"1992","Czechia","Total","Age in completed years","Number","Total",":",""
"1992","Denmark","Total","Age in completed years","Number","Total","31,915",""
"1992","Germany (until 1990 former territory of the FRG)","Total","Age in completed years","Number","Total","720,127",""
"1992","Estonia","Total","Age in completed years","Number","Total",":",""
"1992","Ireland","Total","Age in completed years","Number","Total","34,675",""
"1992","Greece","Total","Age in completed years","Number","Total","52,389",""
"1992","Spain","Total","Age in completed years","Number","Total",":",""
"1992","France","Total","Age in completed years","Number","Total",":",""
"1992","Croatia","Total","Age in completed years","Number","Total","8,859",""
"1992","Italy","Total","Age in completed years","Number","Total","56,985",""
"1992","Cyprus","Total","Age in completed years","Number","Total",":",""
"1992","Latvia","Total","Age in completed years","Number","Total","59,673",""
"1992","Lithuania","Total","Age in completed years","Number","Total","31,972",""
"1992","Luxembourg","Total","Age in completed years","Number","Total","6,440",""
"1992","Hungary","Total","Age in completed years","Number","Total",":",""
"1992","Malta","Total","Age in completed years","Number","Total",":",""
"1992","Netherlands","Total","Age in completed years","Number","Total","58,834",""
"1992","Austria","Total","Age in completed years","Number","Total",":",""
"1992","Poland","Total","Age in completed years","Number","Total","18,115",""
"1992","Portugal","Total","Age in completed years","Number","Total","25,559",""
"1992","Romania","Total","Age in completed years","Number","Total",":",""
"1992","Slovenia","Total","Age in completed years","Number","Total","3,848",""
"1992","Slovakia","Total","Age in completed years","Number","Total","128",""
"1992","Finland","Total","Age in completed years","Number","Total","6,055",""
"1992","Sweden","Total","Age in completed years","Number","Total","25,726",""
"1992","United Kingdom","Total","Age in completed years","Number","Total",":",""
"1992","Iceland","Total","Age in completed years","Number","Total","3,213",""
"1992","Liechtenstein","Total","Age in completed years","Number","Total",":",""
"1992","Norway","Total","Age in completed years","Number","Total","16,801",""
"1992","Switzerland","Total","Age in completed years","Number","Total","117,034",""
"1992","North Macedonia","Total","Age in completed years","Number","Total",":",""
"1992","Belarus","Total","Age in completed years","Number","Total",":",""
"1992","Moldova","Total","Age in completed years","Number","Total",":",""
"1992","Russia","Total","Age in completed years","Number","Total",":",""
"1992","San Marino","Total","Age in completed years","Number","Total",":",""
"1992","Kyrgyzstan","Total","Age in completed years","Number","Total",":",""
"1992","Tajikistan","Total","Age in completed years","Number","Total",":",""
"1992","Uzbekistan","Total","Age in completed years","Number","Total",":",""
"1992","Armenia","Total","Age in completed years","Number","Total",":",""
"1992","Azerbaijan","Total","Age in completed years","Number","Total",":",""
"1993","Belgium","Total","Age in completed years","Number","Total","44,811",""
"1993","Bulgaria","Total","Age in completed years","Number","Total",":",""
"1993","Czechia","Total","Age in completed years","Number","Total",":",""
"1993","Denmark","Total","Age in completed years","Number","Total","32,344",""
"1993","Germany (until 1990 former territory of the FRG)","Total","Age in completed years","Number","Total","815,312",""
"1993","Estonia","Total","Age in completed years","Number","Total",":",""
"1993","Ireland","Total","Age in completed years","Number","Total","34,875",""
"1993","Greece","Total","Age in completed years","Number","Total","52,929",""
"1993","Spain","Total","Age in completed years","Number","Total",":",""
"1993","France","Total","Age in completed years","Number","Total",":",""
"1993","Croatia","Total","Age in completed years","Number","Total","9,169",""
"1993","Italy","Total","Age in completed years","Number","Total","61,282",""
"1993","Cyprus","Total","Age in completed years","Number","Total",":",""
"1993","Latvia","Total","Age in completed years","Number","Total","36,447",""
"1993","Lithuania","Total","Age in completed years","Number","Total","26,840",""
"1993","Luxembourg","Total","Age in completed years","Number","Total","5,826",""
"1993","Hungary","Total","Age in completed years","Number","Total",":",""
"1993","Malta","Total","Age in completed years","Number","Total",":",""
"1993","Netherlands","Total","Age in completed years","Number","Total","59,222",""
"1993","Austria","Total","Age in completed years","Number","Total",":",""
"1993","Poland","Total","Age in completed years","Number","Total","21,376",""
"1993","Portugal","Total","Age in completed years","Number","Total","16,566",""
"1993","Romania","Total","Age in completed years","Number","Total",":",""
"1993","Slovenia","Total","Age in completed years","Number","Total","1,390",""
"1993","Slovakia","Total","Age in completed years","Number","Total","7,355",""
"1993","Finland","Total","Age in completed years","Number","Total","6,405",""
"1993","Sweden","Total","Age in completed years","Number","Total","29,874",""
"1993","United Kingdom","Total","Age in completed years","Number","Total",":",""
"1993","Iceland","Total","Age in completed years","Number","Total","2,901",""
"1993","Liechtenstein","Total","Age in completed years","Number","Total",":",""
"1993","Norway","Total","Age in completed years","Number","Total","18,903",""
"1993","Switzerland","Total","Age in completed years","Number","Total","105,025",""
"1993","North Macedonia","Total","Age in completed years","Number","Total",":",""
"1993","Belarus","Total","Age in completed years","Number","Total",":",""
"1993","Moldova","Total","Age in completed years","Number","Total",":",""
"1993","Russia","Total","Age in completed years","Number","Total",":",""
"1993","San Marino","Total","Age in completed years","Number","Total",":",""
"1993","Kyrgyzstan","Total","Age in completed years","Number","Total",":",""
"1993","Tajikistan","Total","Age in completed years","Number","Total",":",""
"1993","Uzbekistan","Total","Age in completed years","Number","Total",":",""
"1993","Armenia","Total","Age in completed years","Number","Total",":",""
"1993","Azerbaijan","Total","Age in completed years","Number","Total",":",""
"1994","Belgium","Total","Age in completed years","Number","Total","36,530",""
"1994","Bulgaria","Total","Age in completed years","Number","Total",":",""
"1994","Czechia","Total","Age in completed years","Number","Total",":",""
"1994","Denmark","Total","Age in completed years","Number","Total","34,710",""
"1994","Germany (until 1990 former territory of the FRG)","Total","Age in completed years","Number","Total","767,555",""
"1994","Estonia","Total","Age in completed years","Number","Total","9,063",""
"1994","Ireland","Total","Age in completed years","Number","Total","33,525",""
"1994","Greece","Total","Age in completed years","Number","Total","46,813",""
"1994","Spain","Total","Age in completed years","Number","Total",":",""
"1994","France","Total","Age in completed years","Number","Total",":",""
"1994","Croatia","Total","Age in completed years","Number","Total","10,163",""
"1994","Italy","Total","Age in completed years","Number","Total","65,548",""
"1994","Cyprus","Total","Age in completed years","Number","Total",":",""
"1994","Latvia","Total","Age in completed years","Number","Total","25,869",""
"1994","Lithuania","Total","Age in completed years","Number","Total","25,859",""
"1994","Luxembourg","Total","Age in completed years","Number","Total","6,141",""
"1994","Hungary","Total","Age in completed years","Number","Total",":",""
"1994","Malta","Total","Age in completed years","Number","Total",":",""
"1994","Netherlands","Total","Age in completed years","Number","Total","53,579",""
"1994","Austria","Total","Age in completed years","Number","Total",":",""
"1994","Poland","Total","Age in completed years","Number","Total","25,904",""
"1994","Portugal","Total","Age in completed years","Number","Total","14,552",""
"1994","Romania","Total","Age in completed years","Number","Total",":",""
"1994","Slovenia","Total","Age in completed years","Number","Total","983",""
"1994","Slovakia","Total","Age in completed years","Number","Total","154",""
"1994","Finland","Total","Age in completed years","Number","Total","8,672",""
"1994","Sweden","Total","Age in completed years","Number","Total","32,661",""
"1994","United Kingdom","Total","Age in completed years","Number","Total",":",""
"1994","Iceland","Total","Age in completed years","Number","Total","3,436",""
"1994","Liechtenstein","Total","Age in completed years","Number","Total",":",""
"1994","Norway","Total","Age in completed years","Number","Total","19,475",""
"1994","Switzerland","Total","Age in completed years","Number","Total","99,305",""
"1994","North Macedonia","Total","Age in completed years","Number","Total",":",""
"1994","Belarus","Total","Age in completed years","Number","Total",":",""
"1994","Moldova","Total","Age in completed years","Number","Total",":",""
"1994","Russia","Total","Age in completed years","Number","Total",":",""
"1994","San Marino","Total","Age in completed years","Number","Total",":",""
"1994","Kyrgyzstan","Total","Age in completed years","Number","Total",":",""
"1994","Tajikistan","Total","Age in completed years","Number","Total",":",""
"1994","Uzbekistan","Total","Age in completed years","Number","Total",":",""
"1994","Armenia","Total","Age in completed years","Number","Total",":",""
"1994","Azerbaijan","Total","Age in completed years","Number","Total",":",""
"1995","Belgium","Total","Age in completed years","Number","Total","36,044",""
"1995","Bulgaria","Total","Age in completed years","Number","Total",":",""
"1995","Czechia","Total","Age in completed years","Number","Total",":",""
"1995","Denmark","Total","Age in completed years","Number","Total","34,630",""
"1995","Germany (until 1990 former territory of the FRG)","Total","Age in completed years","Number","Total","698,113",""
"1995","Estonia","Total","Age in completed years","Number","Total","9,460",""
"1995","Ireland","Total","Age in completed years","Number","Total","31,675",""
"1995","Greece","Total","Age in completed years","Number","Total","47,967",""
"1995","Spain","Total","Age in completed years","Number","Total",":",""
"1995","France","Total","Age in completed years","Number","Total",":",""
"1995","Croatia","Total","Age in completed years","Number","Total","15,413",""
"1995","Italy","Total","Age in completed years","Number","Total","43,303",""
"1995","Cyprus","Total","Age in completed years","Number","Total",":",""
"1995","Latvia","Total","Age in completed years","Number","Total","16,512",""
"1995","Lithuania","Total","Age in completed years","Number","Total","25,688",""
"1995","Luxembourg","Total","Age in completed years","Number","Total","5,715",""
"1995","Hungary","Total","Age in completed years","Number","Total","3,173",""
"1995","Malta","Total","Age in completed years","Number","Total",":",""
"1995","Netherlands","Total","Age in completed years","Number","Total","63,321",""
"1995","Austria","Total","Age in completed years","Number","Total",":",""
"1995","Poland","Total","Age in completed years","Number","Total","26,344",""
"1995","Portugal","Total","Age in completed years","Number","Total","11,290",""
"1995","Romania","Total","Age in completed years","Number","Total",":",""
"1995","Slovenia","Total","Age in completed years","Number","Total","3,372",""
"1995","Slovakia","Total","Age in completed years","Number","Total","213",""
"1995","Finland","Total","Age in completed years","Number","Total","8,957",""
"1995","Sweden","Total","Age in completed years","Number","Total","33,984",""
"1995","United Kingdom","Total","Age in completed years","Number","Total",":",""
"1995","Iceland","Total","Age in completed years","Number","Total","4,285",""
"1995","Liechtenstein","Total","Age in completed years","Number","Total",":",""
"1995","Norway","Total","Age in completed years","Number","Total","19,311",""
"1995","Switzerland","Total","Age in completed years","Number","Total","99,509",""
"1995","North Macedonia","Total","Age in completed years","Number","Total",":",""
"1995","Belarus","Total","Age in completed years","Number","Total",":",""
"1995","Moldova","Total","Age in completed years","Number","Total",":",""
"1995","Russia","Total","Age in completed years","Number","Total",":",""
"1995","San Marino","Total","Age in completed years","Number","Total",":",""
"1995","Kyrgyzstan","Total","Age in completed years","Number","Total",":",""
"1995","Tajikistan","Total","Age in completed years","Number","Total",":",""
"1995","Uzbekistan","Total","Age in completed years","Number","Total",":",""
"1995","Armenia","Total","Age in completed years","Number","Total",":",""
"1995","Azerbaijan","Total","Age in completed years","Number","Total",":",""
"1996","Belgium","Total","Age in completed years","Number","Total","36,674",""
"1996","Bulgaria","Total","Age in completed years","Number","Total",":",""
"1996","Czechia","Total","Age in completed years","Number","Total",":",""
"1996","Denmark","Total","Age in completed years","Number","Total","37,312",""
"1996","Germany (until 1990 former territory of the FRG)","Total","Age in completed years","Number","Total","677,494",""
"1996","Estonia","Total","Age in completed years","Number","Total","7,134",""
"1996","Ireland","Total","Age in completed years","Number","Total","26,775",""
"1996","Greece","Total","Age in completed years","Number","Total","54,628",""
"1996","Spain","Total","Age in completed years","Number","Total",":",""
"1996","France","Total","Age in completed years","Number","Total",":",""
"1996","Croatia","Total","Age in completed years","Number","Total","10,027",""
"1996","Italy","Total","Age in completed years","Number","Total","47,510",""
"1996","Cyprus","Total","Age in completed years","Number","Total",":",""
"1996","Latvia","Total","Age in completed years","Number","Total","12,828",""
"1996","Lithuania","Total","Age in completed years","Number","Total","26,394",""
"1996","Luxembourg","Total","Age in completed years","Number","Total","6,355",""
"1996","Hungary","Total","Age in completed years","Number","Total","3,642",""
"1996","Malta","Total","Age in completed years","Number","Total",":",""
"1996","Netherlands","Total","Age in completed years","Number","Total","65,325",""
"1996","Austria","Total","Age in completed years","Number","Total","66,050",""
"1996","Poland","Total","Age in completed years","Number","Total","21,297",""
"1996","Portugal","Total","Age in completed years","Number","Total","14,533",""
"1996","Romania","Total","Age in completed years","Number","Total",":",""
"1996","Slovenia","Total","Age in completed years","Number","Total","2,985",""
"1996","Slovakia","Total","Age in completed years","Number","Total","222",""
"1996","Finland","Total","Age in completed years","Number","Total","10,587",""
"1996","Sweden","Total","Age in completed years","Number","Total","33,884",""
"1996","United Kingdom","Total","Age in completed years","Number","Total",":",""
"1996","Iceland","Total","Age in completed years","Number","Total","4,108",""
"1996","Liechtenstein","Total","Age in completed years","Number","Total",":",""
"1996","Norway","Total","Age in completed years","Number","Total",":",""
"1996","Switzerland","Total","Age in completed years","Number","Total","103,398",""
"1996","North Macedonia","Total","Age in completed years","Number","Total",":",""
"1996","Belarus","Total","Age in completed years","Number","Total",":",""
"1996","Moldova","Total","Age in completed years","Number","Total",":",""
"1996","Russia","Total","Age in completed years","Number","Total",":",""
"1996","San Marino","Total","Age in completed years","Number","Total",":",""
"1996","Kyrgyzstan","Total","Age in completed years","Number","Total",":",""
"1996","Tajikistan","Total","Age in completed years","Number","Total",":",""
"1996","Uzbekistan","Total","Age in completed years","Number","Total",":",""
"1996","Armenia","Total","Age in completed years","Number","Total",":",""
"1996","Azerbaijan","Total","Age in completed years","Number","Total",":",""
"1997","Belgium","Total","Age in completed years","Number","Total","39,320",""
"1997","Bulgaria","Total","Age in completed years","Number","Total",":",""
"1997","Czechia","Total","Age in completed years","Number","Total",":",""
"1997","Denmark","Total","Age in completed years","Number","Total","38,393",""
"1997","Germany (until 1990 former territory of the FRG)","Total","Age in completed years","Number","Total","746,969",""
"1997","Estonia","Total","Age in completed years","Number","Total","4,071",""
"1997","Ireland","Total","Age in completed years","Number","Total","27,775",""
"1997","Greece","Total","Age in completed years","Number","Total","51,794",""
"1997","Spain","Total","Age in completed years","Number","Total",":",""
"1997","France","Total","Age in completed years","Number","Total",":",""
"1997","Croatia","Total","Age in completed years","Number","Total","18,531",""
"1997","Italy","Total","Age in completed years","Number","Total","46,273",""
"1997","Cyprus","Total","Age in completed years","Number","Total",":",""
"1997","Latvia","Total","Age in completed years","Number","Total","12,333",""
"1997","Lithuania","Total","Age in completed years","Number","Total","24,957",""
"1997","Luxembourg","Total","Age in completed years","Number","Total","6,591",""
"1997","Hungary","Total","Age in completed years","Number","Total","2,822",""
"1997","Malta","Total","Age in completed years","Number","Total",":",""
"1997","Netherlands","Total","Age in completed years","Number","Total","62,220",""
"1997","Austria","Total","Age in completed years","Number","Total","68,585",""
"1997","Poland","Total","Age in completed years","Number","Total","20,222",""
"1997","Portugal","Total","Age in completed years","Number","Total","18,468",""
"1997","Romania","Total","Age in completed years","Number","Total",":",""
"1997","Slovenia","Total","Age in completed years","Number","Total","5,447",""
"1997","Slovakia","Total","Age in completed years","Number","Total","572",""
"1997","Finland","Total","Age in completed years","Number","Total","9,854",""
"1997","Sweden","Total","Age in completed years","Number","Total","38,543",""
"1997","United Kingdom","Total","Age in completed years","Number","Total",":",""
"1997","Iceland","Total","Age in completed years","Number","Total","3,921",""
"1997","Liechtenstein","Total","Age in completed years","Number","Total",":",""
"1997","Norway","Total","Age in completed years","Number","Total","21,257",""
"1997","Switzerland","Total","Age in completed years","Number","Total","98,521",""
"1997","North Macedonia","Total","Age in completed years","Number","Total",":",""
"1997","Belarus","Total","Age in completed years","Number","Total",":",""
"1997","Moldova","Total","Age in completed years","Number","Total",":",""
"1997","Russia","Total","Age in completed years","Number","Total",":",""
"1997","San Marino","Total","Age in completed years","Number","Total",":",""
"1997","Kyrgyzstan","Total","Age in completed years","Number","Total",":",""
"1997","Tajikistan","Total","Age in completed years","Number","Total",":",""
"1997","Uzbekistan","Total","Age in completed years","Number","Total",":",""
"1997","Armenia","Total","Age in completed years","Number","Total",":",""
"1997","Azerbaijan","Total","Age in completed years","Number","Total",":",""
"1998","Belgium","Total","Age in completed years","Number","Total","72,087",""
"1998","Bulgaria","Total","Age in completed years","Number","Total",":",""
"1998","Czechia","Total","Age in completed years","Number","Total",":",""
"1998","Denmark","Total","Age in completed years","Number","Total","40,340",""
"1998","Germany (until 1990 former territory of the FRG)","Total","Age in completed years","Number","Total","755,358",""
"1998","Estonia","Total","Age in completed years","Number","Total","2,507",""
"1998","Ireland","Total","Age in completed years","Number","Total","30,775",""
"1998","Greece","Total","Age in completed years","Number","Total","60,119",""
"1998","Spain","Total","Age in completed years","Number","Total",":",""
"1998","France","Total","Age in completed years","Number","Total",":",""
"1998","Croatia","Total","Age in completed years","Number","Total","7,310",""
"1998","Italy","Total","Age in completed years","Number","Total","45,889",""
"1998","Cyprus","Total","Age in completed years","Number","Total",":",""
"1998","Latvia","Total","Age in completed years","Number","Total","8,874",""
"1998","Lithuania","Total","Age in completed years","Number","Total","24,828",""
"1998","Luxembourg","Total","Age in completed years","Number","Total","7,574",""
"1998","Hungary","Total","Age in completed years","Number","Total","3,059","p"
"1998","Malta","Total","Age in completed years","Number","Total",":",""
"1998","Netherlands","Total","Age in completed years","Number","Total","60,441",""
"1998","Austria","Total","Age in completed years","Number","Total","64,272",""
"1998","Poland","Total","Age in completed years","Number","Total","22,177",""
"1998","Portugal","Total","Age in completed years","Number","Total","11,098",""
"1998","Romania","Total","Age in completed years","Number","Total",":",""
"1998","Slovenia","Total","Age in completed years","Number","Total","6,708",""
"1998","Slovakia","Total","Age in completed years","Number","Total","746",""
"1998","Finland","Total","Age in completed years","Number","Total","10,817",""
"1998","Sweden","Total","Age in completed years","Number","Total","38,518",""
"1998","United Kingdom","Total","Age in completed years","Number","Total","198,934",""
"1998","Iceland","Total","Age in completed years","Number","Total","3,682",""
"1998","Liechtenstein","Total","Age in completed years","Number","Total",":",""
"1998","Norway","Total","Age in completed years","Number","Total","22,881",""
"1998","Switzerland","Total","Age in completed years","Number","Total","94,778",""
"1998","North Macedonia","Total","Age in completed years","Number","Total",":",""
"1998","Belarus","Total","Age in completed years","Number","Total",":",""
"1998","Moldova","Total","Age in completed years","Number","Total",":",""
"1998","Russia","Total","Age in completed years","Number","Total",":",""
"1998","San Marino","Total","Age in completed years","Number","Total",":",""
"1998","Kyrgyzstan","Total","Age in completed years","Number","Total",":",""
"1998","Tajikistan","Total","Age in completed years","Number","Total",":",""
"1998","Uzbekistan","Total","Age in completed years","Number","Total",":",""
"1998","Armenia","Total","Age in completed years","Number","Total",":",""
"1998","Azerbaijan","Total","Age in completed years","Number","Total",":",""
"1999","Belgium","Total","Age in completed years","Number","Total","74,097",""
"1999","Bulgaria","Total","Age in completed years","Number","Total",":",""
"1999","Czechia","Total","Age in completed years","Number","Total",":",""
"1999","Denmark","Total","Age in completed years","Number","Total","41,340",""
"1999","Germany (until 1990 former territory of the FRG)","Total","Age in completed years","Number","Total","672,048",""
"1999","Estonia","Total","Age in completed years","Number","Total","1,882",""
"1999","Ireland","Total","Age in completed years","Number","Total","27,825",""
"1999","Greece","Total","Age in completed years","Number","Total","54,175",""
"1999","Spain","Total","Age in completed years","Number","Total",":",""
"1999","France","Total","Age in completed years","Number","Total",":",""
"1999","Croatia","Total","Age in completed years","Number","Total","14,285",""
"1999","Italy","Total","Age in completed years","Number","Total","64,873",""
"1999","Cyprus","Total","Age in completed years","Number","Total",":",""
"1999","Latvia","Total","Age in completed years","Number","Total","5,898",""
"1999","Lithuania","Total","Age in completed years","Number","Total","23,418",""
"1999","Luxembourg","Total","Age in completed years","Number","Total","8,075",""
"1999","Hungary","Total","Age in completed years","Number","Total","2,821","p"
"1999","Malta","Total","Age in completed years","Number","Total",":",""
"1999","Netherlands","Total","Age in completed years","Number","Total","59,023",""
"1999","Austria","Total","Age in completed years","Number","Total","66,923",""
"1999","Poland","Total","Age in completed years","Number","Total","21,536",""
"1999","Portugal","Total","Age in completed years","Number","Total","14,040",""
"1999","Romania","Total","Age in completed years","Number","Total",":",""
"1999","Slovenia","Total","Age in completed years","Number","Total","2,606",""
"1999","Slovakia","Total","Age in completed years","Number","Total","618",""
"1999","Finland","Total","Age in completed years","Number","Total","11,966",""
"1999","Sweden","Total","Age in completed years","Number","Total","35,705",""
"1999","United Kingdom","Total","Age in completed years","Number","Total","245,340",""
"1999","Iceland","Total","Age in completed years","Number","Total","3,663",""
"1999","Liechtenstein","Total","Age in completed years","Number","Total",":",""
"1999","Norway","Total","Age in completed years","Number","Total","22,842",""
"1999","Switzerland","Total","Age in completed years","Number","Total","91,804",""
"1999","North Macedonia","Total","Age in completed years","Number","Total",":",""
"1999","Belarus","Total","Age in completed years","Number","Total",":",""
"1999","Moldova","Total","Age in completed years","Number","Total",":",""
"1999","Russia","Total","Age in completed years","Number","Total",":",""
"1999","San Marino","Total","Age in completed years","Number","Total",":",""
"1999","Kyrgyzstan","Total","Age in completed years","Number","Total",":",""
"1999","Tajikistan","Total","Age in completed years","Number","Total",":",""
"1999","Uzbekistan","Total","Age in completed years","Number","Total",":",""
"1999","Armenia","Total","Age in completed years","Number","Total",":",""
"1999","Azerbaijan","Total","Age in completed years","Number","Total",":",""
"2000","Belgium","Total","Age in completed years","Number","Total","75,320",""
"2000","Bulgaria","Total","Age in completed years","Number","Total",":",""
"2000","Czechia","Total","Age in completed years","Number","Total",":",""
"2000","Denmark","Total","Age in completed years","Number","Total","43,417",""
"2000","Germany (until 1990 former territory of the FRG)","Total","Age in completed years","Number","Total","674,038",""
"2000","Estonia","Total","Age in completed years","Number","Total","1,784",""
"2000","Ireland","Total","Age in completed years","Number","Total","26,300",""
"2000","Greece","Total","Age in completed years","Number","Total","46,993",""
"2000","Spain","Total","Age in completed years","Number","Total",":",""
"2000","France","Total","Age in completed years","Number","Total",":",""
"2000","Croatia","Total","Age in completed years","Number","Total",":",""
"2000","Italy","Total","Age in completed years","Number","Total","56,601",""
"2000","Cyprus","Total","Age in completed years","Number","Total",":",""
"2000","Latvia","Total","Age in completed years","Number","Total","22,911",""
"2000","Lithuania","Total","Age in completed years","Number","Total","21,816",""
"2000","Luxembourg","Total","Age in completed years","Number","Total","8,121",""
"2000","Hungary","Total","Age in completed years","Number","Total","2,540",""
"2000","Malta","Total","Age in completed years","Number","Total",":",""
"2000","Netherlands","Total","Age in completed years","Number","Total","61,201",""
"2000","Austria","Total","Age in completed years","Number","Total","64,472",""
"2000","Poland","Total","Age in completed years","Number","Total","26,999",""
"2000","Portugal","Total","Age in completed years","Number","Total","10,667",""
"2000","Romania","Total","Age in completed years","Number","Total",":",""
"2000","Slovenia","Total","Age in completed years","Number","Total","3,570",""
"2000","Slovakia","Total","Age in completed years","Number","Total","811",""
"2000","Finland","Total","Age in completed years","Number","Total","14,311",""
"2000","Sweden","Total","Age in completed years","Number","Total","34,091",""
"2000","United Kingdom","Total","Age in completed years","Number","Total","277,563","e"
"2000","Iceland","Total","Age in completed years","Number","Total","3,489",""
"2000","Liechtenstein","Total","Age in completed years","Number","Total",":",""
"2000","Norway","Total","Age in completed years","Number","Total","26,854",""
"2000","Switzerland","Total","Age in completed years","Number","Total","90,078",""
"2000","North Macedonia","Total","Age in completed years","Number","Total",":",""
"2000","Belarus","Total","Age in completed years","Number","Total",":",""
"2000","Moldova","Total","Age in completed years","Number","Total",":",""
"2000","Russia","Total","Age in completed years","Number","Total",":",""
"2000","San Marino","Total","Age in completed years","Number","Total",":",""
"2000","Kyrgyzstan","Total","Age in completed years","Number","Total",":",""
"2000","Tajikistan","Total","Age in completed years","Number","Total",":",""
"2000","Uzbekistan","Total","Age in completed years","Number","Total",":",""
"2000","Armenia","Total","Age in completed years","Number","Total",":",""
"2000","Azerbaijan","Total","Age in completed years","Number","Total",":",""
"2001","Belgium","Total","Age in completed years","Number","Total","75,261",""
"2001","Bulgaria","Total","Age in completed years","Number","Total",":",""
"2001","Czechia","Total","Age in completed years","Number","Total","21,469",""
"2001","Denmark","Total","Age in completed years","Number","Total","43,980",""
"2001","Germany (until 1990 former territory of the FRG)","Total","Age in completed years","Number","Total","606,494",""
"2001","Estonia","Total","Age in completed years","Number","Total","2,175",""
"2001","Ireland","Total","Age in completed years","Number","Total","25,750",""
"2001","Greece","Total","Age in completed years","Number","Total","45,909",""
"2001","Spain","Total","Age in completed years","Number","Total",":",""
"2001","France","Total","Age in completed years","Number","Total",":",""
"2001","Croatia","Total","Age in completed years","Number","Total","7,488",""
"2001","Italy","Total","Age in completed years","Number","Total","56,077",""
"2001","Cyprus","Total","Age in completed years","Number","Total",":",""
"2001","Latvia","Total","Age in completed years","Number","Total","24,539",""
"2001","Lithuania","Total","Age in completed years","Number","Total","27,841",""
"2001","Luxembourg","Total","Age in completed years","Number","Total","8,824",""
"2001","Hungary","Total","Age in completed years","Number","Total","2,591",""
"2001","Malta","Total","Age in completed years","Number","Total",":",""
"2001","Netherlands","Total","Age in completed years","Number","Total","63,318",""
"2001","Austria","Total","Age in completed years","Number","Total","72,654",""
"2001","Poland","Total","Age in completed years","Number","Total","23,368",""
"2001","Portugal","Total","Age in completed years","Number","Total","5,396",""
"2001","Romania","Total","Age in completed years","Number","Total",":",""
"2001","Slovenia","Total","Age in completed years","Number","Total","4,811",""
"2001","Slovakia","Total","Age in completed years","Number","Total","1,011",""
"2001","Finland","Total","Age in completed years","Number","Total","13,153",""
"2001","Sweden","Total","Age in completed years","Number","Total","32,141",""
"2001","United Kingdom","Total","Age in completed years","Number","Total","251,369",""
"2001","Iceland","Total","Age in completed years","Number","Total","4,034",""
"2001","Liechtenstein","Total","Age in completed years","Number","Total",":",""
"2001","Norway","Total","Age in completed years","Number","Total","26,309",""
"2001","Switzerland","Total","Age in completed years","Number","Total","82,234",""
"2001","North Macedonia","Total","Age in completed years","Number","Total",":",""
"2001","Belarus","Total","Age in completed years","Number","Total",":",""
"2001","Moldova","Total","Age in completed years","Number","Total",":",""
"2001","Russia","Total","Age in completed years","Number","Total",":",""
"2001","San Marino","Total","Age in completed years","Number","Total",":",""
"2001","Kyrgyzstan","Total","Age in completed years","Number","Total",":",""
"2001","Tajikistan","Total","Age in completed years","Number","Total",":",""
"2001","Uzbekistan","Total","Age in completed years","Number","Total",":",""
"2001","Armenia","Total","Age in completed years","Number","Total",":",""
"2001","Azerbaijan","Total","Age in completed years","Number","Total",":",""
"2002","Belgium","Total","Age in completed years","Number","Total","75,960",""
"2002","Bulgaria","Total","Age in completed years","Number","Total",":",""
"2002","Czechia","Total","Age in completed years","Number","Total","32,389",""
"2002","Denmark","Total","Age in completed years","Number","Total","43,481",""
"2002","Germany (until 1990 former territory of the FRG)","Total","Age in completed years","Number","Total","623,255",""
"2002","Estonia","Total","Age in completed years","Number","Total","2,038",""
"2002","Ireland","Total","Age in completed years","Number","Total","28,375",""
"2002","Greece","Total","Age in completed years","Number","Total","39,378","b"
"2002","Spain","Total","Age in completed years","Number","Total","36,605",""
"2002","France","Total","Age in completed years","Number","Total",":",""
"2002","Croatia","Total","Age in completed years","Number","Total","11,767",""
"2002","Italy","Total","Age in completed years","Number","Total","41,756",""
"2002","Cyprus","Total","Age in completed years","Number","Total","1,474",""
"2002","Latvia","Total","Age in completed years","Number","Total","15,837",""
"2002","Lithuania","Total","Age in completed years","Number","Total","16,719",""
"2002","Luxembourg","Total","Age in completed years","Number","Total","9,452",""
"2002","Hungary","Total","Age in completed years","Number","Total","3,126",""
"2002","Malta","Total","Age in completed years","Number","Total",":",""
"2002","Netherlands","Total","Age in completed years","Number","Total","66,728",""
"2002","Austria","Total","Age in completed years","Number","Total","74,831","b"
"2002","Poland","Total","Age in completed years","Number","Total","24,532",""
"2002","Portugal","Total","Age in completed years","Number","Total","8,813",""
"2002","Romania","Total","Age in completed years","Number","Total",":",""
"2002","Slovenia","Total","Age in completed years","Number","Total","7,269",""
"2002","Slovakia","Total","Age in completed years","Number","Total","1,411",""
"2002","Finland","Total","Age in completed years","Number","Total","12,891",""
"2002","Sweden","Total","Age in completed years","Number","Total","33,009",""
"2002","United Kingdom","Total","Age in completed years","Number","Total","305,931",""
"2002","Iceland","Total","Age in completed years","Number","Total","4,490",""
"2002","Liechtenstein","Total","Age in completed years","Number","Total",":",""
"2002","Norway","Total","Age in completed years","Number","Total","22,948",""
"2002","Switzerland","Total","Age in completed years","Number","Total","78,419",""
"2002","North Macedonia","Total","Age in completed years","Number","Total",":",""
"2002","Belarus","Total","Age in completed years","Number","Total",":",""
"2002","Moldova","Total","Age in completed years","Number","Total",":",""
"2002","Russia","Total","Age in completed years","Number","Total",":",""
"2002","San Marino","Total","Age in completed years","Number","Total",":",""
"2002","Kyrgyzstan","Total","Age in completed years","Number","Total",":",""
"2002","Tajikistan","Total","Age in completed years","Number","Total",":",""
"2002","Uzbekistan","Total","Age in completed years","Number","Total",":",""
"2002","Armenia","Total","Age in completed years","Number","Total",":",""
"2002","Azerbaijan","Total","Age in completed years","Number","Total",":",""
"2003","Belgium","Total","Age in completed years","Number","Total","79,399",""
"2003","Bulgaria","Total","Age in completed years","Number","Total",":",""
"2003","Czechia","Total","Age in completed years","Number","Total","34,226",""
"2003","Denmark","Total","Age in completed years","Number","Total","43,466",""
"2003","Germany (until 1990 former territory of the FRG)","Total","Age in completed years","Number","Total","626,330",""
"2003","Estonia","Total","Age in completed years","Number","Total","3,073",""
"2003","Ireland","Total","Age in completed years","Number","Total","27,200",""
"2003","Greece","Total","Age in completed years","Number","Total","37,433",""
"2003","Spain","Total","Age in completed years","Number","Total","25,959",""
"2003","France","Total","Age in completed years","Number","Total",":",""
"2003","Croatia","Total","Age in completed years","Number","Total","6,534",""
"2003","Italy","Total","Age in completed years","Number","Total","48,706",""
"2003","Cyprus","Total","Age in completed years","Number","Total","1,696",""
"2003","Latvia","Total","Age in completed years","Number","Total","15,647",""
"2003","Lithuania","Total","Age in completed years","Number","Total","26,283",""
"2003","Luxembourg","Total","Age in completed years","Number","Total","7,746",""
"2003","Hungary","Total","Age in completed years","Number","Total","3,122",""
"2003","Malta","Total","Age in completed years","Number","Total",":",""
"2003","Netherlands","Total","Age in completed years","Number","Total","68,885",""
"2003","Austria","Total","Age in completed years","Number","Total","71,996",""
"2003","Poland","Total","Age in completed years","Number","Total","20,813",""
"2003","Portugal","Total","Age in completed years","Number","Total","6,687",""
"2003","Romania","Total","Age in completed years","Number","Total",":",""
"2003","Slovenia","Total","Age in completed years","Number","Total","5,867",""
"2003","Slovakia","Total","Age in completed years","Number","Total","1,194",""
"2003","Finland","Total","Age in completed years","Number","Total","12,083",""
"2003","Sweden","Total","Age in completed years","Number","Total","35,023",""
"2003","United Kingdom","Total","Age in completed years","Number","Total","313,960",""
"2003","Iceland","Total","Age in completed years","Number","Total","3,837",""
"2003","Liechtenstein","Total","Age in completed years","Number","Total",":",""
"2003","Norway","Total","Age in completed years","Number","Total","24,672",""
"2003","Switzerland","Total","Age in completed years","Number","Total","76,756",""
"2003","North Macedonia","Total","Age in completed years","Number","Total",":",""
"2003","Belarus","Total","Age in completed years","Number","Total",":",""
"2003","Moldova","Total","Age in completed years","Number","Total",":",""
"2003","Russia","Total","Age in completed years","Number","Total",":",""
"2003","San Marino","Total","Age in completed years","Number","Total",":",""
"2003","Kyrgyzstan","Total","Age in completed years","Number","Total",":",""
"2003","Tajikistan","Total","Age in completed years","Number","Total",":",""
"2003","Uzbekistan","Total","Age in completed years","Number","Total",":",""
"2003","Armenia","Total","Age in completed years","Number","Total",":",""
"2003","Azerbaijan","Total","Age in completed years","Number","Total",":",""
"2004","Belgium","Total","Age in completed years","Number","Total","83,895",""
"2004","Bulgaria","Total","Age in completed years","Number","Total",":",""
"2004","Czechia","Total","Age in completed years","Number","Total","34,818",""
"2004","Denmark","Total","Age in completed years","Number","Total","45,017",""
"2004","Germany (until 1990 former territory of the FRG)","Total","Age in completed years","Number","Total","697,632",""
"2004","Estonia","Total","Age in completed years","Number","Total","2,927",""
"2004","Ireland","Total","Age in completed years","Number","Total","28,675",""
"2004","Greece","Total","Age in completed years","Number","Total","38,041",""
"2004","Spain","Total","Age in completed years","Number","Total","55,092",""
"2004","France","Total","Age in completed years","Number","Total",":",""
"2004","Croatia","Total","Age in completed years","Number","Total","6,812",""
"2004","Italy","Total","Age in completed years","Number","Total","49,910",""
"2004","Cyprus","Total","Age in completed years","Number","Total","1,913",""
"2004","Latvia","Total","Age in completed years","Number","Total","20,167",""
"2004","Lithuania","Total","Age in completed years","Number","Total","37,691",""
"2004","Luxembourg","Total","Age in completed years","Number","Total","8,480",""
"2004","Hungary","Total","Age in completed years","Number","Total","3,820",""
"2004","Malta","Total","Age in completed years","Number","Total",":",""
"2004","Netherlands","Total","Age in completed years","Number","Total","75,049",""
"2004","Austria","Total","Age in completed years","Number","Total","71,721",""
"2004","Poland","Total","Age in completed years","Number","Total","18,877",""
"2004","Portugal","Total","Age in completed years","Number","Total","6,757",""
"2004","Romania","Total","Age in completed years","Number","Total",":",""
"2004","Slovenia","Total","Age in completed years","Number","Total","8,269",""
"2004","Slovakia","Total","Age in completed years","Number","Total","1,586",""
"2004","Finland","Total","Age in completed years","Number","Total","13,656",""
"2004","Sweden","Total","Age in completed years","Number","Total","36,586",""
"2004","United Kingdom","Total","Age in completed years","Number","Total","310,389",""
"2004","Iceland","Total","Age in completed years","Number","Total","4,820",""
"2004","Liechtenstein","Total","Age in completed years","Number","Total",":",""
"2004","Norway","Total","Age in completed years","Number","Total","23,271",""
"2004","Switzerland","Total","Age in completed years","Number","Total","79,726",""
"2004","North Macedonia","Total","Age in completed years","Number","Total",":",""
"2004","Belarus","Total","Age in completed years","Number","Total",":",""
"2004","Moldova","Total","Age in completed years","Number","Total",":",""
"2004","Russia","Total","Age in completed years","Number","Total",":",""
"2004","San Marino","Total","Age in completed years","Number","Total",":",""
"2004","Kyrgyzstan","Total","Age in completed years","Number","Total",":",""
"2004","Tajikistan","Total","Age in completed years","Number","Total",":",""
"2004","Uzbekistan","Total","Age in completed years","Number","Total",":",""
"2004","Armenia","Total","Age in completed years","Number","Total",":",""
"2004","Azerbaijan","Total","Age in completed years","Number","Total",":",""
"2005","Belgium","Total","Age in completed years","Number","Total","86,899",""
"2005","Bulgaria","Total","Age in completed years","Number","Total",":",""
"2005","Czechia","Total","Age in completed years","Number","Total","24,065",""
"2005","Denmark","Total","Age in completed years","Number","Total","45,869",""
"2005","Germany (until 1990 former territory of the FRG)","Total","Age in completed years","Number","Total","628,399",""
"2005","Estonia","Total","Age in completed years","Number","Total","4,610",""
"2005","Ireland","Total","Age in completed years","Number","Total","34,350",""
"2005","Greece","Total","Age in completed years","Number","Total","38,583",""
"2005","Spain","Total","Age in completed years","Number","Total","68,011",""
"2005","France","Total","Age in completed years","Number","Total",":",""
"2005","Croatia","Total","Age in completed years","Number","Total",":",""
"2005","Italy","Total","Age in completed years","Number","Total","53,931",""
"2005","Cyprus","Total","Age in completed years","Number","Total","2,192",""
"2005","Latvia","Total","Age in completed years","Number","Total","17,643",""
"2005","Lithuania","Total","Age in completed years","Number","Total","57,885",""
"2005","Luxembourg","Total","Age in completed years","Number","Total","8,287",""
"2005","Hungary","Total","Age in completed years","Number","Total","3,658",""
"2005","Malta","Total","Age in completed years","Number","Total",":",""
"2005","Netherlands","Total","Age in completed years","Number","Total","83,399",""
"2005","Austria","Total","Age in completed years","Number","Total","70,133",""
"2005","Poland","Total","Age in completed years","Number","Total","22,242",""
"2005","Portugal","Total","Age in completed years","Number","Total","6,360",""
"2005","Romania","Total","Age in completed years","Number","Total",":",""
"2005","Slovenia","Total","Age in completed years","Number","Total","8,605",""
"2005","Slovakia","Total","Age in completed years","Number","Total","1,873",""
"2005","Finland","Total","Age in completed years","Number","Total","12,369",""
"2005","Sweden","Total","Age in completed years","Number","Total","38,118",""
"2005","United Kingdom","Total","Age in completed years","Number","Total","328,408",""
"2005","Iceland","Total","Age in completed years","Number","Total","3,913",""
"2005","Liechtenstein","Total","Age in completed years","Number","Total",":",""
"2005","Norway","Total","Age in completed years","Number","Total","21,709",""
"2005","Switzerland","Total","Age in completed years","Number","Total","82,090",""
"2005","North Macedonia","Total","Age in completed years","Number","Total",":",""
"2005","Belarus","Total","Age in completed years","Number","Total",":",""
"2005","Moldova","Total","Age in completed years","Number","Total",":",""
"2005","Russia","Total","Age in completed years","Number","Total",":",""
"2005","San Marino","Total","Age in completed years","Number","Total",":",""
"2005","Kyrgyzstan","Total","Age in completed years","Number","Total",":",""
"2005","Tajikistan","Total","Age in completed years","Number","Total",":",""
"2005","Uzbekistan","Total","Age in completed years","Number","Total",":",""
"2005","Armenia","Total","Age in completed years","Number","Total",":",""
"2005","Azerbaijan","Total","Age in completed years","Number","Total",":",""
"2006","Belgium","Total","Age in completed years","Number","Total","88,163",""
"2006","Bulgaria","Total","Age in completed years","Number","Total",":",""
"2006","Czechia","Total","Age in completed years","Number","Total","33,463",""
"2006","Denmark","Total","Age in completed years","Number","Total","46,786",""
"2006","Germany (until 1990 former territory of the FRG)","Total","Age in completed years","Number","Total","639,064",""
"2006","Estonia","Total","Age in completed years","Number","Total","5,527",""
"2006","Ireland","Total","Age in completed years","Number","Total","44,409","b"
"2006","Greece","Total","Age in completed years","Number","Total","38,368",""
"2006","Spain","Total","Age in completed years","Number","Total","142,296",""
"2006","France","Total","Age in completed years","Number","Total","189,403","b"
"2006","Croatia","Total","Age in completed years","Number","Total","7,692",""
"2006","Italy","Total","Age in completed years","Number","Total","58,407",""
"2006","Cyprus","Total","Age in completed years","Number","Total","2,778",""
"2006","Latvia","Total","Age in completed years","Number","Total","17,019",""
"2006","Lithuania","Total","Age in completed years","Number","Total","32,390",""
"2006","Luxembourg","Total","Age in completed years","Number","Total","9,001",""
"2006","Hungary","Total","Age in completed years","Number","Total","4,314","p"
"2006","Malta","Total","Age in completed years","Number","Total","3,835","e"
"2006","Netherlands","Total","Age in completed years","Number","Total","91,028",""
"2006","Austria","Total","Age in completed years","Number","Total","74,432",""
"2006","Poland","Total","Age in completed years","Number","Total","46,936",""
"2006","Portugal","Total","Age in completed years","Number","Total","5,600",""
"2006","Romania","Total","Age in completed years","Number","Total",":",""
"2006","Slovenia","Total","Age in completed years","Number","Total","13,749",""
"2006","Slovakia","Total","Age in completed years","Number","Total","1,735",""
"2006","Finland","Total","Age in completed years","Number","Total","12,107",""
"2006","Sweden","Total","Age in completed years","Number","Total","44,908",""
"2006","United Kingdom","Total","Age in completed years","Number","Total","369,470",""
"2006","Iceland","Total","Age in completed years","Number","Total","4,577",""
"2006","Liechtenstein","Total","Age in completed years","Number","Total",":",""
"2006","Norway","Total","Age in completed years","Number","Total","22,053",""
"2006","Switzerland","Total","Age in completed years","Number","Total","88,218",""
"2006","North Macedonia","Total","Age in completed years","Number","Total",":",""
"2006","Belarus","Total","Age in completed years","Number","Total",":",""
"2006","Moldova","Total","Age in completed years","Number","Total",":",""
"2006","Russia","Total","Age in completed years","Number","Total",":",""
"2006","San Marino","Total","Age in completed years","Number","Total",":",""
"2006","Kyrgyzstan","Total","Age in completed years","Number","Total",":",""
"2006","Tajikistan","Total","Age in completed years","Number","Total",":",""
"2006","Uzbekistan","Total","Age in completed years","Number","Total",":",""
"2006","Armenia","Total","Age in completed years","Number","Total",":",""
"2006","Azerbaijan","Total","Age in completed years","Number","Total",":",""
"2007","Belgium","Total","Age in completed years","Number","Total","91,052",""
"2007","Bulgaria","Total","Age in completed years","Number","Total","2,958",""
"2007","Czechia","Total","Age in completed years","Number","Total","20,500",""
"2007","Denmark","Total","Age in completed years","Number","Total","41,566",""
"2007","Germany (until 1990 former territory of the FRG)","Total","Age in completed years","Number","Total","636,854",""
"2007","Estonia","Total","Age in completed years","Number","Total","4,384",""
"2007","Ireland","Total","Age in completed years","Number","Total","48,040",""
"2007","Greece","Total","Age in completed years","Number","Total","40,400",""
"2007","Spain","Total","Age in completed years","Number","Total","227,065",""
"2007","France","Total","Age in completed years","Number","Total","220,354",""
"2007","Croatia","Total","Age in completed years","Number","Total","9,002",""
"2007","Italy","Total","Age in completed years","Number","Total","51,113",""
"2007","Cyprus","Total","Age in completed years","Number","Total","4,106",""
"2007","Latvia","Total","Age in completed years","Number","Total","15,463",""
"2007","Lithuania","Total","Age in completed years","Number","Total","30,383",""
"2007","Luxembourg","Total","Age in completed years","Number","Total","10,674",""
"2007","Hungary","Total","Age in completed years","Number","Total","4,500",""
"2007","Malta","Total","Age in completed years","Number","Total","3,730",""
"2007","Netherlands","Total","Age in completed years","Number","Total","91,287",""
"2007","Austria","Total","Age in completed years","Number","Total","49,898","b"
"2007","Poland","Total","Age in completed years","Number","Total","35,480",""
"2007","Portugal","Total","Age in completed years","Number","Total","7,890",""
"2007","Romania","Total","Age in completed years","Number","Total",":",""
"2007","Slovenia","Total","Age in completed years","Number","Total","14,943",""
"2007","Slovakia","Total","Age in completed years","Number","Total","1,831",""
"2007","Finland","Total","Age in completed years","Number","Total","12,443",""
"2007","Sweden","Total","Age in completed years","Number","Total","45,418",""
"2007","United Kingdom","Total","Age in completed years","Number","Total","317,587",""
"2007","Iceland","Total","Age in completed years","Number","Total","7,414",""
"2007","Liechtenstein","Total","Age in completed years","Number","Total",":",""
"2007","Norway","Total","Age in completed years","Number","Total","22,122",""
"2007","Switzerland","Total","Age in completed years","Number","Total","90,175",""
"2007","North Macedonia","Total","Age in completed years","Number","Total",":",""
"2007","Belarus","Total","Age in completed years","Number","Total",":",""
"2007","Moldova","Total","Age in completed years","Number","Total",":",""
"2007","Russia","Total","Age in completed years","Number","Total",":",""
"2007","San Marino","Total","Age in completed years","Number","Total",":",""
"2007","Kyrgyzstan","Total","Age in completed years","Number","Total",":",""
"2007","Tajikistan","Total","Age in completed years","Number","Total",":",""
"2007","Uzbekistan","Total","Age in completed years","Number","Total",":",""
"2007","Armenia","Total","Age in completed years","Number","Total",":",""
"2007","Azerbaijan","Total","Age in completed years","Number","Total",":",""
"2008","Belgium","Total","Age in completed years","Number","Total",":",""
"2008","Bulgaria","Total","Age in completed years","Number","Total",":",""
"2008","Czechia","Total","Age in completed years","Number","Total","51,478","b"
"2008","Denmark","Total","Age in completed years","Number","Total","38,356","b"
"2008","Germany (until 1990 former territory of the FRG)","Total","Age in completed years","Number","Total","737,889",""
"2008","Estonia","Total","Age in completed years","Number","Total","4,406","b"
"2008","Ireland","Total","Age in completed years","Number","Total","65,934",""
"2008","Greece","Total","Age in completed years","Number","Total","43,044","b"
"2008","Spain","Total","Age in completed years","Number","Total","288,432","b"
"2008","France","Total","Age in completed years","Number","Total","239,796",""
"2008","Croatia","Total","Age in completed years","Number","Total","10,638","b"
"2008","Italy","Total","Age in completed years","Number","Total","80,947",""
"2008","Cyprus","Total","Age in completed years","Number","Total",":",""
"2008","Latvia","Total","Age in completed years","Number","Total","27,045",""
"2008","Lithuania","Total","Age in completed years","Number","Total","25,750",""
"2008","Luxembourg","Total","Age in completed years","Number","Total","10,058",""
"2008","Hungary","Total","Age in completed years","Number","Total","9,591","b"
"2008","Malta","Total","Age in completed years","Number","Total","3,719",""
"2008","Netherlands","Total","Age in completed years","Number","Total","90,067",""
"2008","Austria","Total","Age in completed years","Number","Total","51,563",""
"2008","Poland","Total","Age in completed years","Number","Total",":","b"
"2008","Portugal","Total","Age in completed years","Number","Total","20,357",""
"2008","Romania","Total","Age in completed years","Number","Total","302,796","b"
"2008","Slovenia","Total","Age in completed years","Number","Total","12,109","b"
"2008","Slovakia","Total","Age in completed years","Number","Total","1,705",""
"2008","Finland","Total","Age in completed years","Number","Total","13,657",""
"2008","Sweden","Total","Age in completed years","Number","Total","45,294",""
"2008","United Kingdom","Total","Age in completed years","Number","Total","427,207","b"
"2008","Iceland","Total","Age in completed years","Number","Total","9,144",""
"2008","Liechtenstein","Total","Age in completed years","Number","Total","490","b"
"2008","Norway","Total","Age in completed years","Number","Total","12,976","b"
"2008","Switzerland","Total","Age in completed years","Number","Total","86,130",""
"2008","North Macedonia","Total","Age in completed years","Number","Total",":",""
"2008","Belarus","Total","Age in completed years","Number","Total",":",""
"2008","Moldova","Total","Age in completed years","Number","Total",":",""
"2008","Russia","Total","Age in completed years","Number","Total",":",""
"2008","San Marino","Total","Age in completed years","Number","Total",":",""
"2008","Kyrgyzstan","Total","Age in completed years","Number","Total",":",""
"2008","Tajikistan","Total","Age in completed years","Number","Total",":",""
"2008","Uzbekistan","Total","Age in completed years","Number","Total",":",""
"2008","Armenia","Total","Age in completed years","Number","Total",":",""
"2008","Azerbaijan","Total","Age in completed years","Number","Total",":",""
"2009","Belgium","Total","Age in completed years","Number","Total",":",""
"2009","Bulgaria","Total","Age in completed years","Number","Total",":",""
"2009","Czechia","Total","Age in completed years","Number","Total","61,782",""
"2009","Denmark","Total","Age in completed years","Number","Total","39,899",""
"2009","Germany (until 1990 former territory of the FRG)","Total","Age in completed years","Number","Total","286,582","b"
"2009","Estonia","Total","Age in completed years","Number","Total","4,658",""
"2009","Ireland","Total","Age in completed years","Number","Total","69,672",""
"2009","Greece","Total","Age in completed years","Number","Total","43,686",""
"2009","Spain","Total","Age in completed years","Number","Total","380,121",""
"2009","France","Total","Age in completed years","Number","Total","264,631",""
"2009","Croatia","Total","Age in completed years","Number","Total","12,355",""
"2009","Italy","Total","Age in completed years","Number","Total","80,597",""
"2009","Cyprus","Total","Age in completed years","Number","Total","4,797","b"
"2009","Latvia","Total","Age in completed years","Number","Total","38,208",""
"2009","Lithuania","Total","Age in completed years","Number","Total","38,500",""
"2009","Luxembourg","Total","Age in completed years","Number","Total","9,168",""
"2009","Hungary","Total","Age in completed years","Number","Total","10,483",""
"2009","Malta","Total","Age in completed years","Number","Total","3,868",""
"2009","Netherlands","Total","Age in completed years","Number","Total","92,825","b"
"2009","Austria","Total","Age in completed years","Number","Total","53,244",""
"2009","Poland","Total","Age in completed years","Number","Total","229,320","b"
"2009","Portugal","Total","Age in completed years","Number","Total","16,899",""
"2009","Romania","Total","Age in completed years","Number","Total","246,626",""
"2009","Slovenia","Total","Age in completed years","Number","Total","18,788",""
"2009","Slovakia","Total","Age in completed years","Number","Total","1,979",""
"2009","Finland","Total","Age in completed years","Number","Total","12,151",""
"2009","Sweden","Total","Age in completed years","Number","Total","39,240",""
"2009","United Kingdom","Total","Age in completed years","Number","Total","368,177",""
"2009","Iceland","Total","Age in completed years","Number","Total","6,874","b"
"2009","Liechtenstein","Total","Age in completed years","Number","Total","455",""
"2009","Norway","Total","Age in completed years","Number","Total","17,072",""
"2009","Switzerland","Total","Age in completed years","Number","Total","86,036",""
"2009","North Macedonia","Total","Age in completed years","Number","Total",":",""
"2009","Belarus","Total","Age in completed years","Number","Total",":",""
"2009","Moldova","Total","Age in completed years","Number","Total",":",""
"2009","Russia","Total","Age in completed years","Number","Total",":",""
"2009","San Marino","Total","Age in completed years","Number","Total",":",""
"2009","Kyrgyzstan","Total","Age in completed years","Number","Total",":",""
"2009","Tajikistan","Total","Age in completed years","Number","Total",":",""
"2009","Uzbekistan","Total","Age in completed years","Number","Total",":",""
"2009","Armenia","Total","Age in completed years","Number","Total",":",""
"2009","Azerbaijan","Total","Age in completed years","Number","Total",":",""
"2010","Belgium","Total","Age in completed years","Number","Total","66,013","b"
"2010","Bulgaria","Total","Age in completed years","Number","Total",":",""
"2010","Czechia","Total","Age in completed years","Number","Total","61,069",""
"2010","Denmark","Total","Age in completed years","Number","Total","41,456",""
"2010","Germany (until 1990 former territory of the FRG)","Total","Age in completed years","Number","Total","252,456",""
"2010","Estonia","Total","Age in completed years","Number","Total","5,294",""
"2010","Ireland","Total","Age in completed years","Number","Total","78,099",""
"2010","Greece","Total","Age in completed years","Number","Total","62,041","b"
"2010","Spain","Total","Age in completed years","Number","Total","403,377",""
"2010","France","Total","Age in completed years","Number","Total","269,531","b"
"2010","Croatia","Total","Age in completed years","Number","Total","13,017",""
"2010","Italy","Total","Age in completed years","Number","Total","78,771",""
"2010","Cyprus","Total","Age in completed years","Number","Total","4,293",""
"2010","Latvia","Total","Age in completed years","Number","Total","39,651",""
"2010","Lithuania","Total","Age in completed years","Number","Total","83,157",""
"2010","Luxembourg","Total","Age in completed years","Number","Total","9,302",""
"2010","Hungary","Total","Age in completed years","Number","Total","13,365","b"
"2010","Malta","Total","Age in completed years","Number","Total","4,201",""
"2010","Netherlands","Total","Age in completed years","Number","Total","95,970",""
"2010","Austria","Total","Age in completed years","Number","Total","51,651",""
"2010","Poland","Total","Age in completed years","Number","Total","218,126",""
"2010","Portugal","Total","Age in completed years","Number","Total","23,760",""
"2010","Romania","Total","Age in completed years","Number","Total","197,985",""
"2010","Slovenia","Total","Age in completed years","Number","Total","15,937",""
"2010","Slovakia","Total","Age in completed years","Number","Total","1,889",""
"2010","Finland","Total","Age in completed years","Number","Total","11,905",""
"2010","Sweden","Total","Age in completed years","Number","Total","48,853",""
"2010","United Kingdom","Total","Age in completed years","Number","Total","339,306",""
"2010","Iceland","Total","Age in completed years","Number","Total","5,459",""
"2010","Liechtenstein","Total","Age in completed years","Number","Total","428",""
"2010","Norway","Total","Age in completed years","Number","Total","25,835",""
"2010","Switzerland","Total","Age in completed years","Number","Total","96,839",""
"2010","North Macedonia","Total","Age in completed years","Number","Total",":",""
"2010","Belarus","Total","Age in completed years","Number","Total",":",""
"2010","Moldova","Total","Age in completed years","Number","Total",":",""
"2010","Russia","Total","Age in completed years","Number","Total",":",""
"2010","San Marino","Total","Age in completed years","Number","Total",":",""
"2010","Kyrgyzstan","Total","Age in completed years","Number","Total",":",""
"2010","Tajikistan","Total","Age in completed years","Number","Total",":",""
"2010","Uzbekistan","Total","Age in completed years","Number","Total",":",""
"2010","Armenia","Total","Age in completed years","Number","Total",":",""
"2010","Azerbaijan","Total","Age in completed years","Number","Total",":",""
"2011","Belgium","Total","Age in completed years","Number","Total","84,148","b"
"2011","Bulgaria","Total","Age in completed years","Number","Total",":",""
"2011","Czechia","Total","Age in completed years","Number","Total","55,910","b"
"2011","Denmark","Total","Age in completed years","Number","Total","41,593",""
"2011","Germany (until 1990 former territory of the FRG)","Total","Age in completed years","Number","Total","249,045",""
"2011","Estonia","Total","Age in completed years","Number","Total","6,214",""
"2011","Ireland","Total","Age in completed years","Number","Total","83,049","b"
"2011","Greece","Total","Age in completed years","Number","Total","92,404",""
"2011","Spain","Total","Age in completed years","Number","Total","409,034",""
"2011","France","Total","Age in completed years","Number","Total","291,594",""
"2011","Croatia","Total","Age in completed years","Number","Total","12,699",""
"2011","Italy","Total","Age in completed years","Number","Total","82,461",""
"2011","Cyprus","Total","Age in completed years","Number","Total","4,895",""
"2011","Latvia","Total","Age in completed years","Number","Total","30,311",""
"2011","Lithuania","Total","Age in completed years","Number","Total","53,863",""
"2011","Luxembourg","Total","Age in completed years","Number","Total","9,264",""
"2011","Hungary","Total","Age in completed years","Number","Total","15,100",""
"2011","Malta","Total","Age in completed years","Number","Total","3,806",""
"2011","Netherlands","Total","Age in completed years","Number","Total","104,201",""
"2011","Austria","Total","Age in completed years","Number","Total","51,197",""
"2011","Poland","Total","Age in completed years","Number","Total","265,798",""
"2011","Portugal","Total","Age in completed years","Number","Total","43,998",""
"2011","Romania","Total","Age in completed years","Number","Total","195,551",""
"2011","Slovenia","Total","Age in completed years","Number","Total","12,024",""
"2011","Slovakia","Total","Age in completed years","Number","Total","1,863","b"
"2011","Finland","Total","Age in completed years","Number","Total","12,660",""
"2011","Sweden","Total","Age in completed years","Number","Total","51,179",""
"2011","United Kingdom","Total","Age in completed years","Number","Total","350,703",""
"2011","Iceland","Total","Age in completed years","Number","Total","4,812",""
"2011","Liechtenstein","Total","Age in completed years","Number","Total","467",""
"2011","Norway","Total","Age in completed years","Number","Total","20,349",""
"2011","Switzerland","Total","Age in completed years","Number","Total","96,494","b"
"2011","North Macedonia","Total","Age in completed years","Number","Total",":",""
"2011","Belarus","Total","Age in completed years","Number","Total",":",""
"2011","Moldova","Total","Age in completed years","Number","Total",":",""
"2011","Russia","Total","Age in completed years","Number","Total",":",""
"2011","San Marino","Total","Age in completed years","Number","Total",":",""
"2011","Kyrgyzstan","Total","Age in completed years","Number","Total",":",""
"2011","Tajikistan","Total","Age in completed years","Number","Total",":",""
"2011","Uzbekistan","Total","Age in completed years","Number","Total",":",""
"2011","Armenia","Total","Age in completed years","Number","Total",":",""
"2011","Azerbaijan","Total","Age in completed years","Number","Total",":",""
"2012","Belgium","Total","Age in completed years","Number","Total","93,600",""
"2012","Bulgaria","Total","Age in completed years","Number","Total","16,615","bp"
"2012","Czechia","Total","Age in completed years","Number","Total","46,106",""
"2012","Denmark","Total","Age in completed years","Number","Total","43,663",""
"2012","Germany (until 1990 former territory of the FRG)","Total","Age in completed years","Number","Total","240,001",""
"2012","Estonia","Total","Age in completed years","Number","Total","6,321",""
"2012","Ireland","Total","Age in completed years","Number","Total","81,797",""
"2012","Greece","Total","Age in completed years","Number","Total","124,694",""
"2012","Spain","Total","Age in completed years","Number","Total","446,606",""
"2012","France","Total","Age in completed years","Number","Total","255,922",""
"2012","Croatia","Total","Age in completed years","Number","Total","12,877",""
"2012","Italy","Total","Age in completed years","Number","Total","106,216",""
"2012","Cyprus","Total","Age in completed years","Number","Total","18,105",""
"2012","Latvia","Total","Age in completed years","Number","Total","25,163",""
"2012","Lithuania","Total","Age in completed years","Number","Total","41,100",""
"2012","Luxembourg","Total","Age in completed years","Number","Total","10,442",""
"2012","Hungary","Total","Age in completed years","Number","Total","22,880",""
"2012","Malta","Total","Age in completed years","Number","Total","4,005",""
"2012","Netherlands","Total","Age in completed years","Number","Total","110,431",""
"2012","Austria","Total","Age in completed years","Number","Total","51,812",""
"2012","Poland","Total","Age in completed years","Number","Total","275,603",""
"2012","Portugal","Total","Age in completed years","Number","Total","51,958",""
"2012","Romania","Total","Age in completed years","Number","Total","170,186",""
"2012","Slovenia","Total","Age in completed years","Number","Total","14,378",""
"2012","Slovakia","Total","Age in completed years","Number","Total","2,003",""
"2012","Finland","Total","Age in completed years","Number","Total","13,845",""
"2012","Sweden","Total","Age in completed years","Number","Total","51,747",""
"2012","United Kingdom","Total","Age in completed years","Number","Total","321,217",""
"2012","Iceland","Total","Age in completed years","Number","Total","4,758",""
"2012","Liechtenstein","Total","Age in completed years","Number","Total","439",""
"2012","Norway","Total","Age in completed years","Number","Total","22,693",""
"2012","Switzerland","Total","Age in completed years","Number","Total","103,881",""
"2012","North Macedonia","Total","Age in completed years","Number","Total",":",""
"2012","Belarus","Total","Age in completed years","Number","Total",":",""
"2012","Moldova","Total","Age in completed years","Number","Total",":",""
"2012","Russia","Total","Age in completed years","Number","Total",":",""
"2012","San Marino","Total","Age in completed years","Number","Total",":",""
"2012","Kyrgyzstan","Total","Age in completed years","Number","Total",":",""
"2012","Tajikistan","Total","Age in completed years","Number","Total",":",""
"2012","Uzbekistan","Total","Age in completed years","Number","Total",":",""
"2012","Armenia","Total","Age in completed years","Number","Total",":",""
"2012","Azerbaijan","Total","Age in completed years","Number","Total",":",""
"2013","Belgium","Total","Age in completed years","Number","Total","102,657",""
"2013","Bulgaria","Total","Age in completed years","Number","Total","19,678","p"
"2013","Czechia","Total","Age in completed years","Number","Total","25,894","b"
"2013","Denmark","Total","Age in completed years","Number","Total","43,310",""
"2013","Germany (until 1990 former territory of the FRG)","Total","Age in completed years","Number","Total","259,328",""
"2013","Estonia","Total","Age in completed years","Number","Total","6,740",""
"2013","Ireland","Total","Age in completed years","Number","Total","76,560",""
"2013","Greece","Total","Age in completed years","Number","Total","117,094",""
"2013","Spain","Total","Age in completed years","Number","Total","532,303",""
"2013","France","Total","Age in completed years","Number","Total","239,813",""
"2013","Croatia","Total","Age in completed years","Number","Total","15,262",""
"2013","Italy","Total","Age in completed years","Number","Total","125,735",""
"2013","Cyprus","Total","Age in completed years","Number","Total","25,227",""
"2013","Latvia","Total","Age in completed years","Number","Total","22,561",""
"2013","Lithuania","Total","Age in completed years","Number","Total","38,818",""
"2013","Luxembourg","Total","Age in completed years","Number","Total","10,750",""
"2013","Hungary","Total","Age in completed years","Number","Total","34,691",""
"2013","Malta","Total","Age in completed years","Number","Total","4,778",""
"2013","Netherlands","Total","Age in completed years","Number","Total","112,625",""
"2013","Austria","Total","Age in completed years","Number","Total","54,071",""
"2013","Poland","Total","Age in completed years","Number","Total","276,446",""
"2013","Portugal","Total","Age in completed years","Number","Total","53,786",""
"2013","Romania","Total","Age in completed years","Number","Total","161,755",""
"2013","Slovenia","Total","Age in completed years","Number","Total","13,384",""
"2013","Slovakia","Total","Age in completed years","Number","Total","2,770",""
"2013","Finland","Total","Age in completed years","Number","Total","13,893",""
"2013","Sweden","Total","Age in completed years","Number","Total","50,715",""
"2013","United Kingdom","Total","Age in completed years","Number","Total","316,934",""
"2013","Iceland","Total","Age in completed years","Number","Total","4,372",""
"2013","Liechtenstein","Total","Age in completed years","Number","Total","497",""
"2013","Norway","Total","Age in completed years","Number","Total","26,523",""
"2013","Switzerland","Total","Age in completed years","Number","Total","106,196",""
"2013","North Macedonia","Total","Age in completed years","Number","Total",":",""
"2013","Belarus","Total","Age in completed years","Number","Total",":",""
"2013","Moldova","Total","Age in completed years","Number","Total",":",""
"2013","Russia","Total","Age in completed years","Number","Total",":",""
"2013","San Marino","Total","Age in completed years","Number","Total",":",""
"2013","Kyrgyzstan","Total","Age in completed years","Number","Total",":",""
"2013","Tajikistan","Total","Age in completed years","Number","Total",":",""
"2013","Uzbekistan","Total","Age in completed years","Number","Total",":",""
"2013","Armenia","Total","Age in completed years","Number","Total",":",""
"2013","Azerbaijan","Total","Age in completed years","Number","Total",":",""
"2014","Belgium","Total","Age in completed years","Number","Total","94,573",""
"2014","Bulgaria","Total","Age in completed years","Number","Total","28,727","p"
"2014","Czechia","Total","Age in completed years","Number","Total","28,468",""
"2014","Denmark","Total","Age in completed years","Number","Total","44,426",""
"2014","Germany (until 1990 former territory of the FRG)","Total","Age in completed years","Number","Total","324,221","e"
"2014","Estonia","Total","Age in completed years","Number","Total","4,637",""
"2014","Ireland","Total","Age in completed years","Number","Total","71,107",""
"2014","Greece","Total","Age in completed years","Number","Total","106,804","b"
"2014","Spain","Total","Age in completed years","Number","Total","400,430",""
"2014","France","Total","Age in completed years","Number","Total","308,103",""
"2014","Croatia","Total","Age in completed years","Number","Total","20,858",""
"2014","Italy","Total","Age in completed years","Number","Total","136,328",""
"2014","Cyprus","Total","Age in completed years","Number","Total","24,038",""
"2014","Latvia","Total","Age in completed years","Number","Total","19,017",""
"2014","Lithuania","Total","Age in completed years","Number","Total","36,621",""
"2014","Luxembourg","Total","Age in completed years","Number","Total","11,283",""
"2014","Hungary","Total","Age in completed years","Number","Total","42,213",""
"2014","Malta","Total","Age in completed years","Number","Total","5,108",""
"2014","Netherlands","Total","Age in completed years","Number","Total","112,900",""
"2014","Austria","Total","Age in completed years","Number","Total","53,491",""
"2014","Poland","Total","Age in completed years","Number","Total","268,299","p"
"2014","Portugal","Total","Age in completed years","Number","Total","49,572",""
"2014","Romania","Total","Age in completed years","Number","Total","172,871",""
"2014","Slovenia","Total","Age in completed years","Number","Total","14,336",""
"2014","Slovakia","Total","Age in completed years","Number","Total","3,644",""
"2014","Finland","Total","Age in completed years","Number","Total","15,486",""
"2014","Sweden","Total","Age in completed years","Number","Total","51,237",""
"2014","United Kingdom","Total","Age in completed years","Number","Total","319,086",""
"2014","Iceland","Total","Age in completed years","Number","Total","4,052",""
"2014","Liechtenstein","Total","Age in completed years","Number","Total","476",""
"2014","Norway","Total","Age in completed years","Number","Total","29,308",""
"2014","Switzerland","Total","Age in completed years","Number","Total","111,103",""
"2014","North Macedonia","Total","Age in completed years","Number","Total",":",""
"2014","Belarus","Total","Age in completed years","Number","Total",":",""
"2014","Moldova","Total","Age in completed years","Number","Total",":",""
"2014","Russia","Total","Age in completed years","Number","Total",":",""
"2014","San Marino","Total","Age in completed years","Number","Total",":",""
"2014","Kyrgyzstan","Total","Age in completed years","Number","Total",":",""
"2014","Tajikistan","Total","Age in completed years","Number","Total",":",""
"2014","Uzbekistan","Total","Age in completed years","Number","Total",":",""
"2014","Armenia","Total","Age in completed years","Number","Total",":",""
"2014","Azerbaijan","Total","Age in completed years","Number","Total",":",""
"2015","Belgium","Total","Age in completed years","Number","Total","89,794",""
"2015","Bulgaria","Total","Age in completed years","Number","Total","29,470","p"
"2015","Czechia","Total","Age in completed years","Number","Total","25,684",""
"2015","Denmark","Total","Age in completed years","Number","Total","44,625",""
"2015","Germany (until 1990 former territory of the FRG)","Total","Age in completed years","Number","Total","347,162",""
"2015","Estonia","Total","Age in completed years","Number","Total","13,003","b"
"2015","Ireland","Total","Age in completed years","Number","Total","67,160",""
"2015","Greece","Total","Age in completed years","Number","Total","109,351",""
"2015","Spain","Total","Age in completed years","Number","Total","343,875",""
"2015","France","Total","Age in completed years","Number","Total","323,847",""
"2015","Croatia","Total","Age in completed years","Number","Total","29,651",""
"2015","Italy","Total","Age in completed years","Number","Total","146,955",""
"2015","Cyprus","Total","Age in completed years","Number","Total","17,183",""
"2015","Latvia","Total","Age in completed years","Number","Total","20,119",""
"2015","Lithuania","Total","Age in completed years","Number","Total","44,533",""
"2015","Luxembourg","Total","Age in completed years","Number","Total","12,644",""
"2015","Hungary","Total","Age in completed years","Number","Total","43,225",""
"2015","Malta","Total","Age in completed years","Number","Total","7,095",""
"2015","Netherlands","Total","Age in completed years","Number","Total","112,330",""
"2015","Austria","Total","Age in completed years","Number","Total","56,689",""
"2015","Poland","Total","Age in completed years","Number","Total","258,837","p"
"2015","Portugal","Total","Age in completed years","Number","Total","40,377",""
"2015","Romania","Total","Age in completed years","Number","Total","194,718",""
"2015","Slovenia","Total","Age in completed years","Number","Total","14,913",""
"2015","Slovakia","Total","Age in completed years","Number","Total","3,870",""
"2015","Finland","Total","Age in completed years","Number","Total","16,305",""
"2015","Sweden","Total","Age in completed years","Number","Total","55,830",""
"2015","United Kingdom","Total","Age in completed years","Number","Total","299,183",""
"2015","Iceland","Total","Age in completed years","Number","Total","4,046",""
"2015","Liechtenstein","Total","Age in completed years","Number","Total","468",""
"2015","Norway","Total","Age in completed years","Number","Total","29,173",""
"2015","Switzerland","Total","Age in completed years","Number","Total","116,631",""
"2015","North Macedonia","Total","Age in completed years","Number","Total",":",""
"2015","Belarus","Total","Age in completed years","Number","Total",":",""
"2015","Moldova","Total","Age in completed years","Number","Total",":",""
"2015","Russia","Total","Age in completed years","Number","Total",":",""
"2015","San Marino","Total","Age in completed years","Number","Total",":",""
"2015","Kyrgyzstan","Total","Age in completed years","Number","Total",":",""
"2015","Tajikistan","Total","Age in completed years","Number","Total",":",""
"2015","Uzbekistan","Total","Age in completed years","Number","Total",":",""
"2015","Armenia","Total","Age in completed years","Number","Total",":",""
"2015","Azerbaijan","Total","Age in completed years","Number","Total",":",""
"2016","Belgium","Total","Age in completed years","Number","Total","92,471",""
"2016","Bulgaria","Total","Age in completed years","Number","Total","30,570",""
"2016","Czechia","Total","Age in completed years","Number","Total","38,864",""
"2016","Denmark","Total","Age in completed years","Number","Total","52,654",""
"2016","Germany (until 1990 former territory of the FRG)","Total","Age in completed years","Number","Total","533,762","be"
"2016","Estonia","Total","Age in completed years","Number","Total","13,792",""
"2016","Ireland","Total","Age in completed years","Number","Total","62,056",""
"2016","Greece","Total","Age in completed years","Number","Total","106,535",""
"2016","Spain","Total","Age in completed years","Number","Total","327,325",""
"2016","France","Total","Age in completed years","Number","Total","320,705",""
"2016","Croatia","Total","Age in completed years","Number","Total","36,436",""
"2016","Italy","Total","Age in completed years","Number","Total","157,065",""
"2016","Cyprus","Total","Age in completed years","Number","Total","14,892",""
"2016","Latvia","Total","Age in completed years","Number","Total","20,574",""
"2016","Lithuania","Total","Age in completed years","Number","Total","50,333",""
"2016","Luxembourg","Total","Age in completed years","Number","Total","13,442",""
"2016","Hungary","Total","Age in completed years","Number","Total","39,889",""
"2016","Malta","Total","Age in completed years","Number","Total","8,303",""
"2016","Netherlands","Total","Age in completed years","Number","Total","111,477",""
"2016","Austria","Total","Age in completed years","Number","Total","64,428",""
"2016","Poland","Total","Age in completed years","Number","Total","236,441","ep"
"2016","Portugal","Total","Age in completed years","Number","Total","38,273","e"
"2016","Romania","Total","Age in completed years","Number","Total","207,578",""
"2016","Slovenia","Total","Age in completed years","Number","Total","15,572",""
"2016","Slovakia","Total","Age in completed years","Number","Total","3,801",""
"2016","Finland","Total","Age in completed years","Number","Total","18,082",""
"2016","Sweden","Total","Age in completed years","Number","Total","45,878",""
"2016","United Kingdom","Total","Age in completed years","Number","Total","340,440",""
"2016","Iceland","Total","Age in completed years","Number","Total","4,159",""
"2016","Liechtenstein","Total","Age in completed years","Number","Total","522",""
"2016","Norway","Total","Age in completed years","Number","Total","34,694",""
"2016","Switzerland","Total","Age in completed years","Number","Total","120,653",""
"2016","North Macedonia","Total","Age in completed years","Number","Total",":",""
"2016","Belarus","Total","Age in completed years","Number","Total",":",""
"2016","Moldova","Total","Age in completed years","Number","Total",":",""
"2016","Russia","Total","Age in completed years","Number","Total",":",""
"2016","San Marino","Total","Age in completed years","Number","Total",":",""
"2016","Kyrgyzstan","Total","Age in completed years","Number","Total",":",""
"2016","Tajikistan","Total","Age in completed years","Number","Total",":",""
"2016","Uzbekistan","Total","Age in completed years","Number","Total",":",""
"2016","Armenia","Total","Age in completed years","Number","Total",":",""
"2016","Azerbaijan","Total","Age in completed years","Number","Total",":",""
"2017","Belgium","Total","Age in completed years","Number","Total","89,690",""
"2017","Bulgaria","Total","Age in completed years","Number","Total","31,586","p"
"2017","Czechia","Total","Age in completed years","Number","Total","27,316",""
"2017","Denmark","Total","Age in completed years","Number","Total","56,403",""
"2017","Germany (until 1990 former territory of the FRG)","Total","Age in completed years","Number","Total","560,700","be"
"2017","Estonia","Total","Age in completed years","Number","Total","12,358",""
"2017","Ireland","Total","Age in completed years","Number","Total","64,068",""
"2017","Greece","Total","Age in completed years","Number","Total","103,327",""
"2017","Spain","Total","Age in completed years","Number","Total","368,860",""
"2017","France","Total","Age in completed years","Number","Total","312,554",""
"2017","Croatia","Total","Age in completed years","Number","Total","47,352",""
"2017","Italy","Total","Age in completed years","Number","Total","155,110",""
"2017","Cyprus","Total","Age in completed years","Number","Total","15,105",""
"2017","Latvia","Total","Age in completed years","Number","Total","17,724",""
"2017","Lithuania","Total","Age in completed years","Number","Total","47,925",""
"2017","Luxembourg","Total","Age in completed years","Number","Total","13,831",""
"2017","Hungary","Total","Age in completed years","Number","Total","39,829",""
"2017","Malta","Total","Age in completed years","Number","Total","7,020",""
"2017","Netherlands","Total","Age in completed years","Number","Total","108,231",""
"2017","Austria","Total","Age in completed years","Number","Total","66,144",""
"2017","Poland","Total","Age in completed years","Number","Total","218,492","ep"
"2017","Portugal","Total","Age in completed years","Number","Total","31,753","e"
"2017","Romania","Total","Age in completed years","Number","Total","242,193","e"
"2017","Slovenia","Total","Age in completed years","Number","Total","17,555",""
"2017","Slovakia","Total","Age in completed years","Number","Total","3,466",""
"2017","Finland","Total","Age in completed years","Number","Total","16,973",""
"2017","Sweden","Total","Age in completed years","Number","Total","45,620",""
"2017","United Kingdom","Total","Age in completed years","Number","Total","359,665",""
"2017","Iceland","Total","Age in completed years","Number","Total","3,641",""
"2017","Liechtenstein","Total","Age in completed years","Number","Total","426",""
"2017","Norway","Total","Age in completed years","Number","Total","31,963",""
"2017","Switzerland","Total","Age in completed years","Number","Total","124,997",""
"2017","North Macedonia","Total","Age in completed years","Number","Total",":",""
"2017","Belarus","Total","Age in completed years","Number","Total",":",""
"2017","Moldova","Total","Age in completed years","Number","Total",":",""
"2017","Russia","Total","Age in completed years","Number","Total",":",""
"2017","San Marino","Total","Age in completed years","Number","Total",":",""
"2017","Kyrgyzstan","Total","Age in completed years","Number","Total",":",""
"2017","Tajikistan","Total","Age in completed years","Number","Total",":",""
"2017","Uzbekistan","Total","Age in completed years","Number","Total",":",""
"2017","Armenia","Total","Age in completed years","Number","Total",":",""
"2017","Azerbaijan","Total","Age in completed years","Number","Total",":",""
