"TIME","GEO","AGEDEF","AGE","UNIT","SEX","Value","Flag and Footnotes"
"1990","Belgium","Age in completed years","Total","Number","Total","62,662",""
"1990","Bulgaria","Age in completed years","Total","Number","Total",":",""
"1990","Czechia","Age in completed years","Total","Number","Total",":",""
"1990","Denmark","Age in completed years","Total","Number","Total","40,715",""
"1990","Germany (until 1990 former territory of the FRG)","Age in completed years","Total","Number","Total","1,256,250",""
"1990","Estonia","Age in completed years","Total","Number","Total",":",""
"1990","Ireland","Age in completed years","Total","Number","Total","33,000",""
"1990","Greece","Age in completed years","Total","Number","Total",":",""
"1990","Spain","Age in completed years","Total","Number","Total","33,966",""
"1990","France","Age in completed years","Total","Number","Total",":",""
"1990","Croatia","Age in completed years","Total","Number","Total",":",""
"1990","Italy","Age in completed years","Total","Number","Total","166,754",""
"1990","Cyprus","Age in completed years","Total","Number","Total",":",""
"1990","Latvia","Age in completed years","Total","Number","Total",":",""
"1990","Lithuania","Age in completed years","Total","Number","Total","14,744",""
"1990","Luxembourg","Age in completed years","Total","Number","Total","10,281",""
"1990","Hungary","Age in completed years","Total","Number","Total",":",""
"1990","Malta","Age in completed years","Total","Number","Total",":",""
"1990","Netherlands","Age in completed years","Total","Number","Total","117,350",""
"1990","Austria","Age in completed years","Total","Number","Total",":",""
"1990","Poland","Age in completed years","Total","Number","Total","2,626",""
"1990","Portugal","Age in completed years","Total","Number","Total",":",""
"1990","Romania","Age in completed years","Total","Number","Total",":",""
"1990","Slovenia","Age in completed years","Total","Number","Total","7,075",""
"1990","Slovakia","Age in completed years","Total","Number","Total","944",""
"1990","Finland","Age in completed years","Total","Number","Total","13,558",""
"1990","Sweden","Age in completed years","Total","Number","Total","60,048",""
"1990","United Kingdom","Age in completed years","Total","Number","Total",":",""
"1990","Iceland","Age in completed years","Total","Number","Total","3,166",""
"1990","Liechtenstein","Age in completed years","Total","Number","Total",":",""
"1990","Norway","Age in completed years","Total","Number","Total","25,494",""
"1990","Switzerland","Age in completed years","Total","Number","Total","154,244",""
"1991","Belgium","Age in completed years","Total","Number","Total","67,460",""
"1991","Bulgaria","Age in completed years","Total","Number","Total",":",""
"1991","Czechia","Age in completed years","Total","Number","Total",":",""
"1991","Denmark","Age in completed years","Total","Number","Total","43,567",""
"1991","Germany (until 1990 former territory of the FRG)","Age in completed years","Total","Number","Total","1,198,978",""
"1991","Estonia","Age in completed years","Total","Number","Total",":",""
"1991","Ireland","Age in completed years","Total","Number","Total","33,000",""
"1991","Greece","Age in completed years","Total","Number","Total","151,978",""
"1991","Spain","Age in completed years","Total","Number","Total","24,320",""
"1991","France","Age in completed years","Total","Number","Total",":",""
"1991","Croatia","Age in completed years","Total","Number","Total","10,050",""
"1991","Italy","Age in completed years","Total","Number","Total","126,935",""
"1991","Cyprus","Age in completed years","Total","Number","Total",":",""
"1991","Latvia","Age in completed years","Total","Number","Total","14,684",""
"1991","Lithuania","Age in completed years","Total","Number","Total","11,828",""
"1991","Luxembourg","Age in completed years","Total","Number","Total","10,913",""
"1991","Hungary","Age in completed years","Total","Number","Total",":",""
"1991","Malta","Age in completed years","Total","Number","Total",":",""
"1991","Netherlands","Age in completed years","Total","Number","Total","120,249",""
"1991","Austria","Age in completed years","Total","Number","Total",":",""
"1991","Poland","Age in completed years","Total","Number","Total","5,040",""
"1991","Portugal","Age in completed years","Total","Number","Total","4,507",""
"1991","Romania","Age in completed years","Total","Number","Total",":",""
"1991","Slovenia","Age in completed years","Total","Number","Total","5,989",""
"1991","Slovakia","Age in completed years","Total","Number","Total","1,752",""
"1991","Finland","Age in completed years","Total","Number","Total","19,001",""
"1991","Sweden","Age in completed years","Total","Number","Total","49,731",""
"1991","United Kingdom","Age in completed years","Total","Number","Total",":",""
"1991","Iceland","Age in completed years","Total","Number","Total","3,989",""
"1991","Liechtenstein","Age in completed years","Total","Number","Total",":",""
"1991","Norway","Age in completed years","Total","Number","Total","26,283",""
"1991","Switzerland","Age in completed years","Total","Number","Total","164,773",""
"1992","Belgium","Age in completed years","Total","Number","Total","66,763",""
"1992","Bulgaria","Age in completed years","Total","Number","Total",":",""
"1992","Czechia","Age in completed years","Total","Number","Total",":",""
"1992","Denmark","Age in completed years","Total","Number","Total","43,377",""
"1992","Germany (until 1990 former territory of the FRG)","Age in completed years","Total","Number","Total","1,502,198",""
"1992","Estonia","Age in completed years","Total","Number","Total",":",""
"1992","Ireland","Age in completed years","Total","Number","Total","41,000",""
"1992","Greece","Age in completed years","Total","Number","Total","110,334",""
"1992","Spain","Age in completed years","Total","Number","Total","38,882",""
"1992","France","Age in completed years","Total","Number","Total",":",""
"1992","Croatia","Age in completed years","Total","Number","Total","48,324",""
"1992","Italy","Age in completed years","Total","Number","Total","113,916",""
"1992","Cyprus","Age in completed years","Total","Number","Total",":",""
"1992","Latvia","Age in completed years","Total","Number","Total","6,199",""
"1992","Lithuania","Age in completed years","Total","Number","Total","6,640",""
"1992","Luxembourg","Age in completed years","Total","Number","Total","10,697",""
"1992","Hungary","Age in completed years","Total","Number","Total",":",""
"1992","Malta","Age in completed years","Total","Number","Total",":",""
"1992","Netherlands","Age in completed years","Total","Number","Total","116,926",""
"1992","Austria","Age in completed years","Total","Number","Total",":",""
"1992","Poland","Age in completed years","Total","Number","Total","6,512",""
"1992","Portugal","Age in completed years","Total","Number","Total","16,202",""
"1992","Romania","Age in completed years","Total","Number","Total",":",""
"1992","Slovenia","Age in completed years","Total","Number","Total","3,461",""
"1992","Slovakia","Age in completed years","Total","Number","Total","2,106",""
"1992","Finland","Age in completed years","Total","Number","Total","14,554",""
"1992","Sweden","Age in completed years","Total","Number","Total","45,348",""
"1992","United Kingdom","Age in completed years","Total","Number","Total",":",""
"1992","Iceland","Age in completed years","Total","Number","Total","2,959",""
"1992","Liechtenstein","Age in completed years","Total","Number","Total",":",""
"1992","Norway","Age in completed years","Total","Number","Total","26,743",""
"1992","Switzerland","Age in completed years","Total","Number","Total","157,190",""
"1993","Belgium","Age in completed years","Total","Number","Total","63,749",""
"1993","Bulgaria","Age in completed years","Total","Number","Total",":",""
"1993","Czechia","Age in completed years","Total","Number","Total",":",""
"1993","Denmark","Age in completed years","Total","Number","Total","43,400",""
"1993","Germany (until 1990 former territory of the FRG)","Age in completed years","Total","Number","Total","1,277,408",""
"1993","Estonia","Age in completed years","Total","Number","Total",":",""
"1993","Ireland","Age in completed years","Total","Number","Total","35,000",""
"1993","Greece","Age in completed years","Total","Number","Total","107,462",""
"1993","Spain","Age in completed years","Total","Number","Total","33,026",""
"1993","France","Age in completed years","Total","Number","Total",":",""
"1993","Croatia","Age in completed years","Total","Number","Total","57,702",""
"1993","Italy","Age in completed years","Total","Number","Total","100,401",""
"1993","Cyprus","Age in completed years","Total","Number","Total",":",""
"1993","Latvia","Age in completed years","Total","Number","Total","4,114",""
"1993","Lithuania","Age in completed years","Total","Number","Total","2,850",""
"1993","Luxembourg","Age in completed years","Total","Number","Total","10,069",""
"1993","Hungary","Age in completed years","Total","Number","Total",":",""
"1993","Malta","Age in completed years","Total","Number","Total",":",""
"1993","Netherlands","Age in completed years","Total","Number","Total","119,154",""
"1993","Austria","Age in completed years","Total","Number","Total",":",""
"1993","Poland","Age in completed years","Total","Number","Total","5,924",""
"1993","Portugal","Age in completed years","Total","Number","Total","27,989",""
"1993","Romania","Age in completed years","Total","Number","Total",":",""
"1993","Slovenia","Age in completed years","Total","Number","Total","2,745",""
"1993","Slovakia","Age in completed years","Total","Number","Total","9,106",""
"1993","Finland","Age in completed years","Total","Number","Total","14,795",""
"1993","Sweden","Age in completed years","Total","Number","Total","61,872",""
"1993","United Kingdom","Age in completed years","Total","Number","Total",":",""
"1993","Iceland","Age in completed years","Total","Number","Total","2,698",""
"1993","Liechtenstein","Age in completed years","Total","Number","Total",":",""
"1993","Norway","Age in completed years","Total","Number","Total","31,711",""
"1993","Switzerland","Age in completed years","Total","Number","Total","144,537",""
"1994","Belgium","Age in completed years","Total","Number","Total","66,147",""
"1994","Bulgaria","Age in completed years","Total","Number","Total",":",""
"1994","Czechia","Age in completed years","Total","Number","Total",":",""
"1994","Denmark","Age in completed years","Total","Number","Total","44,961",""
"1994","Germany (until 1990 former territory of the FRG)","Age in completed years","Total","Number","Total","1,082,553",""
"1994","Estonia","Age in completed years","Total","Number","Total",":",""
"1994","Ireland","Age in completed years","Total","Number","Total","30,000",""
"1994","Greece","Age in completed years","Total","Number","Total","86,959",""
"1994","Spain","Age in completed years","Total","Number","Total","34,123",""
"1994","France","Age in completed years","Total","Number","Total",":",""
"1994","Croatia","Age in completed years","Total","Number","Total","33,426",""
"1994","Italy","Age in completed years","Total","Number","Total","99,105",""
"1994","Cyprus","Age in completed years","Total","Number","Total",":",""
"1994","Latvia","Age in completed years","Total","Number","Total","3,046",""
"1994","Lithuania","Age in completed years","Total","Number","Total","1,664",""
"1994","Luxembourg","Age in completed years","Total","Number","Total","10,145",""
"1994","Hungary","Age in completed years","Total","Number","Total",":",""
"1994","Malta","Age in completed years","Total","Number","Total",":",""
"1994","Netherlands","Age in completed years","Total","Number","Total","92,143",""
"1994","Austria","Age in completed years","Total","Number","Total",":",""
"1994","Poland","Age in completed years","Total","Number","Total","6,907",""
"1994","Portugal","Age in completed years","Total","Number","Total","38,825",""
"1994","Romania","Age in completed years","Total","Number","Total",":",""
"1994","Slovenia","Age in completed years","Total","Number","Total","1,919",""
"1994","Slovakia","Age in completed years","Total","Number","Total","4,922",""
"1994","Finland","Age in completed years","Total","Number","Total","11,611",""
"1994","Sweden","Age in completed years","Total","Number","Total","83,598",""
"1994","United Kingdom","Age in completed years","Total","Number","Total",":",""
"1994","Iceland","Age in completed years","Total","Number","Total","2,676",""
"1994","Liechtenstein","Age in completed years","Total","Number","Total",":",""
"1994","Norway","Age in completed years","Total","Number","Total","26,911",""
"1994","Switzerland","Age in completed years","Total","Number","Total","130,188",""
"1995","Belgium","Age in completed years","Total","Number","Total","62,950",""
"1995","Bulgaria","Age in completed years","Total","Number","Total",":",""
"1995","Czechia","Age in completed years","Total","Number","Total","10,540",""
"1995","Denmark","Age in completed years","Total","Number","Total","63,187",""
"1995","Germany (until 1990 former territory of the FRG)","Age in completed years","Total","Number","Total","1,096,048",""
"1995","Estonia","Age in completed years","Total","Number","Total",":",""
"1995","Ireland","Age in completed years","Total","Number","Total","38,000",""
"1995","Greece","Age in completed years","Total","Number","Total","98,989",""
"1995","Spain","Age in completed years","Total","Number","Total","36,092",""
"1995","France","Age in completed years","Total","Number","Total",":",""
"1995","Croatia","Age in completed years","Total","Number","Total","42,026",""
"1995","Italy","Age in completed years","Total","Number","Total","96,710",""
"1995","Cyprus","Age in completed years","Total","Number","Total",":",""
"1995","Latvia","Age in completed years","Total","Number","Total","2,799",""
"1995","Lithuania","Age in completed years","Total","Number","Total","2,020",""
"1995","Luxembourg","Age in completed years","Total","Number","Total","10,337",""
"1995","Hungary","Age in completed years","Total","Number","Total","15,435",""
"1995","Malta","Age in completed years","Total","Number","Total",":",""
"1995","Netherlands","Age in completed years","Total","Number","Total","96,099",""
"1995","Austria","Age in completed years","Total","Number","Total",":",""
"1995","Poland","Age in completed years","Total","Number","Total","8,121",""
"1995","Portugal","Age in completed years","Total","Number","Total","42,702",""
"1995","Romania","Age in completed years","Total","Number","Total",":",""
"1995","Slovenia","Age in completed years","Total","Number","Total","5,879",""
"1995","Slovakia","Age in completed years","Total","Number","Total","3,055",""
"1995","Finland","Age in completed years","Total","Number","Total","12,222",""
"1995","Sweden","Age in completed years","Total","Number","Total","45,887",""
"1995","United Kingdom","Age in completed years","Total","Number","Total",":",""
"1995","Iceland","Age in completed years","Total","Number","Total","2,867",""
"1995","Liechtenstein","Age in completed years","Total","Number","Total",":",""
"1995","Norway","Age in completed years","Total","Number","Total","25,678",""
"1995","Switzerland","Age in completed years","Total","Number","Total","113,967",""
"1996","Belgium","Age in completed years","Total","Number","Total","61,522",""
"1996","Bulgaria","Age in completed years","Total","Number","Total",":",""
"1996","Czechia","Age in completed years","Total","Number","Total","10,857",""
"1996","Denmark","Age in completed years","Total","Number","Total","54,445",""
"1996","Germany (until 1990 former territory of the FRG)","Age in completed years","Total","Number","Total","959,691",""
"1996","Estonia","Age in completed years","Total","Number","Total",":",""
"1996","Ireland","Age in completed years","Total","Number","Total","39,000",""
"1996","Greece","Age in completed years","Total","Number","Total","95,585",""
"1996","Spain","Age in completed years","Total","Number","Total","29,895",""
"1996","France","Age in completed years","Total","Number","Total",":",""
"1996","Croatia","Age in completed years","Total","Number","Total","44,596",""
"1996","Italy","Age in completed years","Total","Number","Total","171,967",""
"1996","Cyprus","Age in completed years","Total","Number","Total",":",""
"1996","Latvia","Age in completed years","Total","Number","Total","2,747",""
"1996","Lithuania","Age in completed years","Total","Number","Total","3,025",""
"1996","Luxembourg","Age in completed years","Total","Number","Total","10,027",""
"1996","Hungary","Age in completed years","Total","Number","Total","14,984",""
"1996","Malta","Age in completed years","Total","Number","Total",":",""
"1996","Netherlands","Age in completed years","Total","Number","Total","108,749",""
"1996","Austria","Age in completed years","Total","Number","Total","69,930",""
"1996","Poland","Age in completed years","Total","Number","Total","8,186",""
"1996","Portugal","Age in completed years","Total","Number","Total","51,656",""
"1996","Romania","Age in completed years","Total","Number","Total",":",""
"1996","Slovenia","Age in completed years","Total","Number","Total","9,495",""
"1996","Slovakia","Age in completed years","Total","Number","Total","2,477",""
"1996","Finland","Age in completed years","Total","Number","Total","13,294",""
"1996","Sweden","Age in completed years","Total","Number","Total","39,895",""
"1996","United Kingdom","Age in completed years","Total","Number","Total",":",""
"1996","Iceland","Age in completed years","Total","Number","Total","3,664",""
"1996","Liechtenstein","Age in completed years","Total","Number","Total",":",""
"1996","Norway","Age in completed years","Total","Number","Total",":",""
"1996","Switzerland","Age in completed years","Total","Number","Total","97,591",""
"1997","Belgium","Age in completed years","Total","Number","Total","58,849",""
"1997","Bulgaria","Age in completed years","Total","Number","Total",":",""
"1997","Czechia","Age in completed years","Total","Number","Total","12,880",""
"1997","Denmark","Age in completed years","Total","Number","Total","50,105",""
"1997","Germany (until 1990 former territory of the FRG)","Age in completed years","Total","Number","Total","840,633",""
"1997","Estonia","Age in completed years","Total","Number","Total",":",""
"1997","Ireland","Age in completed years","Total","Number","Total","45,625",""
"1997","Greece","Age in completed years","Total","Number","Total","113,477",""
"1997","Spain","Age in completed years","Total","Number","Total","57,877",""
"1997","France","Age in completed years","Total","Number","Total",":",""
"1997","Croatia","Age in completed years","Total","Number","Total","52,343",""
"1997","Italy","Age in completed years","Total","Number","Total","162,857",""
"1997","Cyprus","Age in completed years","Total","Number","Total",":",""
"1997","Latvia","Age in completed years","Total","Number","Total","2,913",""
"1997","Lithuania","Age in completed years","Total","Number","Total","2,536",""
"1997","Luxembourg","Age in completed years","Total","Number","Total","10,423",""
"1997","Hungary","Age in completed years","Total","Number","Total","14,442",""
"1997","Malta","Age in completed years","Total","Number","Total",":",""
"1997","Netherlands","Age in completed years","Total","Number","Total","109,860",""
"1997","Austria","Age in completed years","Total","Number","Total","70,122",""
"1997","Poland","Age in completed years","Total","Number","Total","8,426",""
"1997","Portugal","Age in completed years","Total","Number","Total","59,875",""
"1997","Romania","Age in completed years","Total","Number","Total",":",""
"1997","Slovenia","Age in completed years","Total","Number","Total","7,889",""
"1997","Slovakia","Age in completed years","Total","Number","Total","2,303",""
"1997","Finland","Age in completed years","Total","Number","Total","13,564",""
"1997","Sweden","Age in completed years","Total","Number","Total","44,818",""
"1997","United Kingdom","Age in completed years","Total","Number","Total",":",""
"1997","Iceland","Age in completed years","Total","Number","Total","3,990",""
"1997","Liechtenstein","Age in completed years","Total","Number","Total",":",""
"1997","Norway","Age in completed years","Total","Number","Total","31,957",""
"1997","Switzerland","Age in completed years","Total","Number","Total","91,687",""
"1998","Belgium","Age in completed years","Total","Number","Total","83,812",""
"1998","Bulgaria","Age in completed years","Total","Number","Total",":",""
"1998","Czechia","Age in completed years","Total","Number","Total",":",""
"1998","Denmark","Age in completed years","Total","Number","Total","51,372",""
"1998","Germany (until 1990 former territory of the FRG)","Age in completed years","Total","Number","Total","802,456",""
"1998","Estonia","Age in completed years","Total","Number","Total",":",""
"1998","Ireland","Age in completed years","Total","Number","Total","48,175",""
"1998","Greece","Age in completed years","Total","Number","Total","116,411",""
"1998","Spain","Age in completed years","Total","Number","Total","81,227",""
"1998","France","Age in completed years","Total","Number","Total",":",""
"1998","Croatia","Age in completed years","Total","Number","Total","51,784",""
"1998","Italy","Age in completed years","Total","Number","Total","156,885",""
"1998","Cyprus","Age in completed years","Total","Number","Total","8,801",""
"1998","Latvia","Age in completed years","Total","Number","Total","3,123",""
"1998","Lithuania","Age in completed years","Total","Number","Total","2,706",""
"1998","Luxembourg","Age in completed years","Total","Number","Total","11,630",""
"1998","Hungary","Age in completed years","Total","Number","Total","17,269",""
"1998","Malta","Age in completed years","Total","Number","Total",":",""
"1998","Netherlands","Age in completed years","Total","Number","Total","122,407",""
"1998","Austria","Age in completed years","Total","Number","Total","72,723",""
"1998","Poland","Age in completed years","Total","Number","Total","8,916",""
"1998","Portugal","Age in completed years","Total","Number","Total","56,788",""
"1998","Romania","Age in completed years","Total","Number","Total",":",""
"1998","Slovenia","Age in completed years","Total","Number","Total","4,603",""
"1998","Slovakia","Age in completed years","Total","Number","Total","2,052",""
"1998","Finland","Age in completed years","Total","Number","Total","14,192",""
"1998","Sweden","Age in completed years","Total","Number","Total","49,391",""
"1998","United Kingdom","Age in completed years","Total","Number","Total","332,390",""
"1998","Iceland","Age in completed years","Total","Number","Total","4,562",""
"1998","Liechtenstein","Age in completed years","Total","Number","Total",":",""
"1998","Norway","Age in completed years","Total","Number","Total","36,704",""
"1998","Switzerland","Age in completed years","Total","Number","Total","95,955",""
"1999","Belgium","Age in completed years","Total","Number","Total","91,624",""
"1999","Bulgaria","Age in completed years","Total","Number","Total",":",""
"1999","Czechia","Age in completed years","Total","Number","Total",":",""
"1999","Denmark","Age in completed years","Total","Number","Total","50,236",""
"1999","Germany (until 1990 former territory of the FRG)","Age in completed years","Total","Number","Total","874,023",""
"1999","Estonia","Age in completed years","Total","Number","Total",":",""
"1999","Ireland","Age in completed years","Total","Number","Total","51,675",""
"1999","Greece","Age in completed years","Total","Number","Total","84,695",""
"1999","Spain","Age in completed years","Total","Number","Total","127,365",""
"1999","France","Age in completed years","Total","Number","Total",":",""
"1999","Croatia","Age in completed years","Total","Number","Total","32,910",""
"1999","Italy","Age in completed years","Total","Number","Total","185,052",""
"1999","Cyprus","Age in completed years","Total","Number","Total","8,524",""
"1999","Latvia","Age in completed years","Total","Number","Total","1,813",""
"1999","Lithuania","Age in completed years","Total","Number","Total","2,679",""
"1999","Luxembourg","Age in completed years","Total","Number","Total","12,794",""
"1999","Hungary","Age in completed years","Total","Number","Total","21,422",""
"1999","Malta","Age in completed years","Total","Number","Total",":",""
"1999","Netherlands","Age in completed years","Total","Number","Total","119,151",""
"1999","Austria","Age in completed years","Total","Number","Total","86,710",""
"1999","Poland","Age in completed years","Total","Number","Total","7,525",""
"1999","Portugal","Age in completed years","Total","Number","Total","68,297",""
"1999","Romania","Age in completed years","Total","Number","Total",":",""
"1999","Slovenia","Age in completed years","Total","Number","Total","4,941",""
"1999","Slovakia","Age in completed years","Total","Number","Total","2,072",""
"1999","Finland","Age in completed years","Total","Number","Total","14,744",""
"1999","Sweden","Age in completed years","Total","Number","Total","49,839",""
"1999","United Kingdom","Age in completed years","Total","Number","Total","354,077",""
"1999","Iceland","Age in completed years","Total","Number","Total","4,785",""
"1999","Liechtenstein","Age in completed years","Total","Number","Total",":",""
"1999","Norway","Age in completed years","Total","Number","Total","41,841",""
"1999","Switzerland","Age in completed years","Total","Number","Total","107,953",""
"2000","Belgium","Age in completed years","Total","Number","Total","89,388",""
"2000","Bulgaria","Age in completed years","Total","Number","Total",":",""
"2000","Czechia","Age in completed years","Total","Number","Total",":",""
"2000","Denmark","Age in completed years","Total","Number","Total","52,915",""
"2000","Germany (until 1990 former territory of the FRG)","Age in completed years","Total","Number","Total","841,158",""
"2000","Estonia","Age in completed years","Total","Number","Total","35",""
"2000","Ireland","Age in completed years","Total","Number","Total","57,400",""
"2000","Greece","Age in completed years","Total","Number","Total","109,251",""
"2000","Spain","Age in completed years","Total","Number","Total","362,468",""
"2000","France","Age in completed years","Total","Number","Total",":",""
"2000","Croatia","Age in completed years","Total","Number","Total",":",""
"2000","Italy","Age in completed years","Total","Number","Total","226,968",""
"2000","Cyprus","Age in completed years","Total","Number","Total","12,764",""
"2000","Latvia","Age in completed years","Total","Number","Total","6,483",""
"2000","Lithuania","Age in completed years","Total","Number","Total","1,510",""
"2000","Luxembourg","Age in completed years","Total","Number","Total","11,765",""
"2000","Hungary","Age in completed years","Total","Number","Total","21,726",""
"2000","Malta","Age in completed years","Total","Number","Total",":",""
"2000","Netherlands","Age in completed years","Total","Number","Total","132,850",""
"2000","Austria","Age in completed years","Total","Number","Total","81,676",""
"2000","Poland","Age in completed years","Total","Number","Total","7,331",""
"2000","Portugal","Age in completed years","Total","Number","Total","77,775",""
"2000","Romania","Age in completed years","Total","Number","Total",":",""
"2000","Slovenia","Age in completed years","Total","Number","Total","6,185",""
"2000","Slovakia","Age in completed years","Total","Number","Total","2,274",""
"2000","Finland","Age in completed years","Total","Number","Total","16,895",""
"2000","Sweden","Age in completed years","Total","Number","Total","58,659",""
"2000","United Kingdom","Age in completed years","Total","Number","Total","364,367",""
"2000","Iceland","Age in completed years","Total","Number","Total","5,203",""
"2000","Liechtenstein","Age in completed years","Total","Number","Total",":",""
"2000","Norway","Age in completed years","Total","Number","Total","36,542",""
"2000","Switzerland","Age in completed years","Total","Number","Total","110,302",""
"2001","Belgium","Age in completed years","Total","Number","Total","110,410",""
"2001","Bulgaria","Age in completed years","Total","Number","Total",":",""
"2001","Czechia","Age in completed years","Total","Number","Total","12,918",""
"2001","Denmark","Age in completed years","Total","Number","Total","55,984",""
"2001","Germany (until 1990 former territory of the FRG)","Age in completed years","Total","Number","Total","879,217",""
"2001","Estonia","Age in completed years","Total","Number","Total","241",""
"2001","Ireland","Age in completed years","Total","Number","Total","64,925",""
"2001","Greece","Age in completed years","Total","Number","Total","98,471",""
"2001","Spain","Age in completed years","Total","Number","Total","414,772",""
"2001","France","Age in completed years","Total","Number","Total",":",""
"2001","Croatia","Age in completed years","Total","Number","Total","24,415",""
"2001","Italy","Age in completed years","Total","Number","Total","208,252",""
"2001","Cyprus","Age in completed years","Total","Number","Total","17,485",""
"2001","Latvia","Age in completed years","Total","Number","Total","5,376",""
"2001","Lithuania","Age in completed years","Total","Number","Total","4,694",""
"2001","Luxembourg","Age in completed years","Total","Number","Total","12,135",""
"2001","Hungary","Age in completed years","Total","Number","Total","22,079",""
"2001","Malta","Age in completed years","Total","Number","Total",":",""
"2001","Netherlands","Age in completed years","Total","Number","Total","133,404",""
"2001","Austria","Age in completed years","Total","Number","Total","89,928",""
"2001","Poland","Age in completed years","Total","Number","Total","6,625",""
"2001","Portugal","Age in completed years","Total","Number","Total","61,609",""
"2001","Romania","Age in completed years","Total","Number","Total",":",""
"2001","Slovenia","Age in completed years","Total","Number","Total","7,803",""
"2001","Slovakia","Age in completed years","Total","Number","Total","2,023",""
"2001","Finland","Age in completed years","Total","Number","Total","18,955",""
"2001","Sweden","Age in completed years","Total","Number","Total","60,795",""
"2001","United Kingdom","Age in completed years","Total","Number","Total","372,206",""
"2001","Iceland","Age in completed years","Total","Number","Total","5,002",""
"2001","Liechtenstein","Age in completed years","Total","Number","Total",":",""
"2001","Norway","Age in completed years","Total","Number","Total","34,264",""
"2001","Switzerland","Age in completed years","Total","Number","Total","124,077",""
"2002","Belgium","Age in completed years","Total","Number","Total","113,857",""
"2002","Bulgaria","Age in completed years","Total","Number","Total",":",""
"2002","Czechia","Age in completed years","Total","Number","Total","44,679",""
"2002","Denmark","Age in completed years","Total","Number","Total","52,778",""
"2002","Germany (until 1990 former territory of the FRG)","Age in completed years","Total","Number","Total","842,543",""
"2002","Estonia","Age in completed years","Total","Number","Total","575",""
"2002","Ireland","Age in completed years","Total","Number","Total","61,725",""
"2002","Greece","Age in completed years","Total","Number","Total","67,220",""
"2002","Spain","Age in completed years","Total","Number","Total","483,260",""
"2002","France","Age in completed years","Total","Number","Total",":",""
"2002","Croatia","Age in completed years","Total","Number","Total","20,365",""
"2002","Italy","Age in completed years","Total","Number","Total","213,202",""
"2002","Cyprus","Age in completed years","Total","Number","Total","6,940",""
"2002","Latvia","Age in completed years","Total","Number","Total","6,642",""
"2002","Lithuania","Age in completed years","Total","Number","Total","5,110",""
"2002","Luxembourg","Age in completed years","Total","Number","Total","12,101",""
"2002","Hungary","Age in completed years","Total","Number","Total","19,855",""
"2002","Malta","Age in completed years","Total","Number","Total",":",""
"2002","Netherlands","Age in completed years","Total","Number","Total","121,250",""
"2002","Austria","Age in completed years","Total","Number","Total","108,125","b"
"2002","Poland","Age in completed years","Total","Number","Total","6,587",""
"2002","Portugal","Age in completed years","Total","Number","Total","50,611",""
"2002","Romania","Age in completed years","Total","Number","Total",":",""
"2002","Slovenia","Age in completed years","Total","Number","Total","9,134",""
"2002","Slovakia","Age in completed years","Total","Number","Total","2,312",""
"2002","Finland","Age in completed years","Total","Number","Total","18,113",""
"2002","Sweden","Age in completed years","Total","Number","Total","64,087",""
"2002","United Kingdom","Age in completed years","Total","Number","Total","385,901",""
"2002","Iceland","Age in completed years","Total","Number","Total","4,215",""
"2002","Liechtenstein","Age in completed years","Total","Number","Total",":",""
"2002","Norway","Age in completed years","Total","Number","Total","40,122",""
"2002","Switzerland","Age in completed years","Total","Number","Total","127,340",""
"2003","Belgium","Age in completed years","Total","Number","Total","112,060",""
"2003","Bulgaria","Age in completed years","Total","Number","Total",":",""
"2003","Czechia","Age in completed years","Total","Number","Total","60,015",""
"2003","Denmark","Age in completed years","Total","Number","Total","49,754",""
"2003","Germany (until 1990 former territory of the FRG)","Age in completed years","Total","Number","Total","768,975",""
"2003","Estonia","Age in completed years","Total","Number","Total","967",""
"2003","Ireland","Age in completed years","Total","Number","Total","58,875",""
"2003","Greece","Age in completed years","Total","Number","Total","63,141",""
"2003","Spain","Age in completed years","Total","Number","Total","470,010",""
"2003","France","Age in completed years","Total","Number","Total",":",""
"2003","Croatia","Age in completed years","Total","Number","Total","18,455",""
"2003","Italy","Age in completed years","Total","Number","Total","440,301",""
"2003","Cyprus","Age in completed years","Total","Number","Total","7,981",""
"2003","Latvia","Age in completed years","Total","Number","Total","4,063",""
"2003","Lithuania","Age in completed years","Total","Number","Total","4,728",""
"2003","Luxembourg","Age in completed years","Total","Number","Total","13,158",""
"2003","Hungary","Age in completed years","Total","Number","Total","21,327",""
"2003","Malta","Age in completed years","Total","Number","Total",":",""
"2003","Netherlands","Age in completed years","Total","Number","Total","104,514",""
"2003","Austria","Age in completed years","Total","Number","Total","111,869",""
"2003","Poland","Age in completed years","Total","Number","Total","7,048",""
"2003","Portugal","Age in completed years","Total","Number","Total","31,425",""
"2003","Romania","Age in completed years","Total","Number","Total",":",""
"2003","Slovenia","Age in completed years","Total","Number","Total","9,279",""
"2003","Slovakia","Age in completed years","Total","Number","Total","2,603",""
"2003","Finland","Age in completed years","Total","Number","Total","17,838",""
"2003","Sweden","Age in completed years","Total","Number","Total","63,795",""
"2003","United Kingdom","Age in completed years","Total","Number","Total","431,487",""
"2003","Iceland","Age in completed years","Total","Number","Total","3,704",""
"2003","Liechtenstein","Age in completed years","Total","Number","Total",":",""
"2003","Norway","Age in completed years","Total","Number","Total","35,957",""
"2003","Switzerland","Age in completed years","Total","Number","Total","119,783",""
"2004","Belgium","Age in completed years","Total","Number","Total","117,236",""
"2004","Bulgaria","Age in completed years","Total","Number","Total",":",""
"2004","Czechia","Age in completed years","Total","Number","Total","53,453",""
"2004","Denmark","Age in completed years","Total","Number","Total","49,860",""
"2004","Germany (until 1990 former territory of the FRG)","Age in completed years","Total","Number","Total","780,175",""
"2004","Estonia","Age in completed years","Total","Number","Total","1,097",""
"2004","Ireland","Age in completed years","Total","Number","Total","78,075",""
"2004","Greece","Age in completed years","Total","Number","Total","66,871",""
"2004","Spain","Age in completed years","Total","Number","Total","684,561",""
"2004","France","Age in completed years","Total","Number","Total",":",""
"2004","Croatia","Age in completed years","Total","Number","Total","18,383",""
"2004","Italy","Age in completed years","Total","Number","Total","414,880",""
"2004","Cyprus","Age in completed years","Total","Number","Total","9,003",""
"2004","Latvia","Age in completed years","Total","Number","Total","4,844",""
"2004","Lithuania","Age in completed years","Total","Number","Total","5,553",""
"2004","Luxembourg","Age in completed years","Total","Number","Total","12,872",""
"2004","Hungary","Age in completed years","Total","Number","Total","24,298",""
"2004","Malta","Age in completed years","Total","Number","Total",":",""
"2004","Netherlands","Age in completed years","Total","Number","Total","94,019",""
"2004","Austria","Age in completed years","Total","Number","Total","122,547",""
"2004","Poland","Age in completed years","Total","Number","Total","9,495",""
"2004","Portugal","Age in completed years","Total","Number","Total","21,093",""
"2004","Romania","Age in completed years","Total","Number","Total",":",""
"2004","Slovenia","Age in completed years","Total","Number","Total","10,171",""
"2004","Slovakia","Age in completed years","Total","Number","Total","4,460",""
"2004","Finland","Age in completed years","Total","Number","Total","20,333",""
"2004","Sweden","Age in completed years","Total","Number","Total","62,028",""
"2004","United Kingdom","Age in completed years","Total","Number","Total","518,097",""
"2004","Iceland","Age in completed years","Total","Number","Total","5,350",""
"2004","Liechtenstein","Age in completed years","Total","Number","Total",":",""
"2004","Norway","Age in completed years","Total","Number","Total","36,482",""
"2004","Switzerland","Age in completed years","Total","Number","Total","120,188",""
"2005","Belgium","Age in completed years","Total","Number","Total","132,810",""
"2005","Bulgaria","Age in completed years","Total","Number","Total",":",""
"2005","Czechia","Age in completed years","Total","Number","Total","60,294",""
"2005","Denmark","Age in completed years","Total","Number","Total","52,458",""
"2005","Germany (until 1990 former territory of the FRG)","Age in completed years","Total","Number","Total","707,352",""
"2005","Estonia","Age in completed years","Total","Number","Total","1,436",""
"2005","Ireland","Age in completed years","Total","Number","Total","102,000",""
"2005","Greece","Age in completed years","Total","Number","Total","70,933",""
"2005","Spain","Age in completed years","Total","Number","Total","719,284",""
"2005","France","Age in completed years","Total","Number","Total",":",""
"2005","Croatia","Age in completed years","Total","Number","Total",":",""
"2005","Italy","Age in completed years","Total","Number","Total","304,960",""
"2005","Cyprus","Age in completed years","Total","Number","Total","10,320",""
"2005","Latvia","Age in completed years","Total","Number","Total","6,691",""
"2005","Lithuania","Age in completed years","Total","Number","Total","6,789",""
"2005","Luxembourg","Age in completed years","Total","Number","Total","14,397",""
"2005","Hungary","Age in completed years","Total","Number","Total","27,820",""
"2005","Malta","Age in completed years","Total","Number","Total","2,075",""
"2005","Netherlands","Age in completed years","Total","Number","Total","92,297",""
"2005","Austria","Age in completed years","Total","Number","Total","114,465",""
"2005","Poland","Age in completed years","Total","Number","Total","9,364",""
"2005","Portugal","Age in completed years","Total","Number","Total","21,741",""
"2005","Romania","Age in completed years","Total","Number","Total",":",""
"2005","Slovenia","Age in completed years","Total","Number","Total","15,041",""
"2005","Slovakia","Age in completed years","Total","Number","Total","5,276",""
"2005","Finland","Age in completed years","Total","Number","Total","21,355",""
"2005","Sweden","Age in completed years","Total","Number","Total","65,229",""
"2005","United Kingdom","Age in completed years","Total","Number","Total",":",""
"2005","Iceland","Age in completed years","Total","Number","Total","7,773",""
"2005","Liechtenstein","Age in completed years","Total","Number","Total",":",""
"2005","Norway","Age in completed years","Total","Number","Total","40,148",""
"2005","Switzerland","Age in completed years","Total","Number","Total","118,270",""
"2006","Belgium","Age in completed years","Total","Number","Total","137,699",""
"2006","Bulgaria","Age in completed years","Total","Number","Total",":",""
"2006","Czechia","Age in completed years","Total","Number","Total","68,183",""
"2006","Denmark","Age in completed years","Total","Number","Total","56,750",""
"2006","Germany (until 1990 former territory of the FRG)","Age in completed years","Total","Number","Total","661,855",""
"2006","Estonia","Age in completed years","Total","Number","Total","2,234",""
"2006","Ireland","Age in completed years","Total","Number","Total","139,434","b"
"2006","Greece","Age in completed years","Total","Number","Total","63,094",""
"2006","Spain","Age in completed years","Total","Number","Total","840,844",""
"2006","France","Age in completed years","Total","Number","Total","301,544","b"
"2006","Croatia","Age in completed years","Total","Number","Total","14,978",""
"2006","Italy","Age in completed years","Total","Number","Total","279,714",""
"2006","Cyprus","Age in completed years","Total","Number","Total","13,077",""
"2006","Latvia","Age in completed years","Total","Number","Total","8,212",""
"2006","Lithuania","Age in completed years","Total","Number","Total","7,745",""
"2006","Luxembourg","Age in completed years","Total","Number","Total","14,352",""
"2006","Hungary","Age in completed years","Total","Number","Total","25,732","p"
"2006","Malta","Age in completed years","Total","Number","Total","3,889",""
"2006","Netherlands","Age in completed years","Total","Number","Total","101,150",""
"2006","Austria","Age in completed years","Total","Number","Total","98,535",""
"2006","Poland","Age in completed years","Total","Number","Total","10,802",""
"2006","Portugal","Age in completed years","Total","Number","Total","22,741",""
"2006","Romania","Age in completed years","Total","Number","Total",":",""
"2006","Slovenia","Age in completed years","Total","Number","Total","20,016",""
"2006","Slovakia","Age in completed years","Total","Number","Total","5,589",""
"2006","Finland","Age in completed years","Total","Number","Total","22,451",""
"2006","Sweden","Age in completed years","Total","Number","Total","95,750",""
"2006","United Kingdom","Age in completed years","Total","Number","Total","529,008",""
"2006","Iceland","Age in completed years","Total","Number","Total","9,832",""
"2006","Liechtenstein","Age in completed years","Total","Number","Total",":",""
"2006","Norway","Age in completed years","Total","Number","Total","45,776",""
"2006","Switzerland","Age in completed years","Total","Number","Total","127,586",""
"2007","Belgium","Age in completed years","Total","Number","Total","146,409",""
"2007","Bulgaria","Age in completed years","Total","Number","Total","1,561",""
"2007","Czechia","Age in completed years","Total","Number","Total","104,445",""
"2007","Denmark","Age in completed years","Total","Number","Total","64,656",""
"2007","Germany (until 1990 former territory of the FRG)","Age in completed years","Total","Number","Total","680,766",""
"2007","Estonia","Age in completed years","Total","Number","Total","3,741",""
"2007","Ireland","Age in completed years","Total","Number","Total","122,415",""
"2007","Greece","Age in completed years","Total","Number","Total","63,298",""
"2007","Spain","Age in completed years","Total","Number","Total","958,266",""
"2007","France","Age in completed years","Total","Number","Total","293,980",""
"2007","Croatia","Age in completed years","Total","Number","Total","14,622",""
"2007","Italy","Age in completed years","Total","Number","Total","527,123",""
"2007","Cyprus","Age in completed years","Total","Number","Total","19,328",""
"2007","Latvia","Age in completed years","Total","Number","Total","7,517",""
"2007","Lithuania","Age in completed years","Total","Number","Total","8,609",""
"2007","Luxembourg","Age in completed years","Total","Number","Total","16,675",""
"2007","Hungary","Age in completed years","Total","Number","Total","24,361",""
"2007","Malta","Age in completed years","Total","Number","Total","5,292",""
"2007","Netherlands","Age in completed years","Total","Number","Total","116,819",""
"2007","Austria","Age in completed years","Total","Number","Total","72,862","b"
"2007","Poland","Age in completed years","Total","Number","Total","14,995",""
"2007","Portugal","Age in completed years","Total","Number","Total","29,661",""
"2007","Romania","Age in completed years","Total","Number","Total",":",""
"2007","Slovenia","Age in completed years","Total","Number","Total","29,193",""
"2007","Slovakia","Age in completed years","Total","Number","Total","8,624",""
"2007","Finland","Age in completed years","Total","Number","Total","26,029",""
"2007","Sweden","Age in completed years","Total","Number","Total","99,485",""
"2007","United Kingdom","Age in completed years","Total","Number","Total","526,714",""
"2007","Iceland","Age in completed years","Total","Number","Total","12,546",""
"2007","Liechtenstein","Age in completed years","Total","Number","Total",":",""
"2007","Norway","Age in completed years","Total","Number","Total","61,774",""
"2007","Switzerland","Age in completed years","Total","Number","Total","165,634",""
"2008","Belgium","Age in completed years","Total","Number","Total",":",""
"2008","Bulgaria","Age in completed years","Total","Number","Total",":",""
"2008","Czechia","Age in completed years","Total","Number","Total","108,267","b"
"2008","Denmark","Age in completed years","Total","Number","Total","57,357","b"
"2008","Germany (until 1990 former territory of the FRG)","Age in completed years","Total","Number","Total","682,146",""
"2008","Estonia","Age in completed years","Total","Number","Total","3,671",""
"2008","Ireland","Age in completed years","Total","Number","Total","82,592",""
"2008","Greece","Age in completed years","Total","Number","Total","66,529",""
"2008","Spain","Age in completed years","Total","Number","Total","599,075","b"
"2008","France","Age in completed years","Total","Number","Total","296,608",""
"2008","Croatia","Age in completed years","Total","Number","Total","16,883","b"
"2008","Italy","Age in completed years","Total","Number","Total","534,712",""
"2008","Cyprus","Age in completed years","Total","Number","Total","21,060",""
"2008","Latvia","Age in completed years","Total","Number","Total","4,678",""
"2008","Lithuania","Age in completed years","Total","Number","Total","9,297",""
"2008","Luxembourg","Age in completed years","Total","Number","Total","17,758",""
"2008","Hungary","Age in completed years","Total","Number","Total","37,652","b"
"2008","Malta","Age in completed years","Total","Number","Total","6,043",""
"2008","Netherlands","Age in completed years","Total","Number","Total","143,516",""
"2008","Austria","Age in completed years","Total","Number","Total","73,772",""
"2008","Poland","Age in completed years","Total","Number","Total","15,275",""
"2008","Portugal","Age in completed years","Total","Number","Total","29,718",""
"2008","Romania","Age in completed years","Total","Number","Total","138,929","b"
"2008","Slovenia","Age in completed years","Total","Number","Total","30,693","b"
"2008","Slovakia","Age in completed years","Total","Number","Total","8,765",""
"2008","Finland","Age in completed years","Total","Number","Total","29,114",""
"2008","Sweden","Age in completed years","Total","Number","Total","101,171",""
"2008","United Kingdom","Age in completed years","Total","Number","Total","590,242","b"
"2008","Iceland","Age in completed years","Total","Number","Total","10,288",""
"2008","Liechtenstein","Age in completed years","Total","Number","Total","578","b"
"2008","Norway","Age in completed years","Total","Number","Total","58,123","b"
"2008","Switzerland","Age in completed years","Total","Number","Total","184,297",""
"2009","Belgium","Age in completed years","Total","Number","Total",":",""
"2009","Bulgaria","Age in completed years","Total","Number","Total",":",""
"2009","Czechia","Age in completed years","Total","Number","Total","75,620",""
"2009","Denmark","Age in completed years","Total","Number","Total","51,800",""
"2009","Germany (until 1990 former territory of the FRG)","Age in completed years","Total","Number","Total","346,216","b"
"2009","Estonia","Age in completed years","Total","Number","Total","3,884",""
"2009","Ireland","Age in completed years","Total","Number","Total","50,604",""
"2009","Greece","Age in completed years","Total","Number","Total","58,613",""
"2009","Spain","Age in completed years","Total","Number","Total","392,962",""
"2009","France","Age in completed years","Total","Number","Total","296,970",""
"2009","Croatia","Age in completed years","Total","Number","Total","13,213",""
"2009","Italy","Age in completed years","Total","Number","Total","442,940",""
"2009","Cyprus","Age in completed years","Total","Number","Total","22,581","b"
"2009","Latvia","Age in completed years","Total","Number","Total","3,731",""
"2009","Lithuania","Age in completed years","Total","Number","Total","6,487",""
"2009","Luxembourg","Age in completed years","Total","Number","Total","15,751",""
"2009","Hungary","Age in completed years","Total","Number","Total","27,894",""
"2009","Malta","Age in completed years","Total","Number","Total","6,161",""
"2009","Netherlands","Age in completed years","Total","Number","Total","122,917","b"
"2009","Austria","Age in completed years","Total","Number","Total","69,295",""
"2009","Poland","Age in completed years","Total","Number","Total","189,166","b"
"2009","Portugal","Age in completed years","Total","Number","Total","32,307",""
"2009","Romania","Age in completed years","Total","Number","Total","135,844",""
"2009","Slovenia","Age in completed years","Total","Number","Total","30,296",""
"2009","Slovakia","Age in completed years","Total","Number","Total","6,346",""
"2009","Finland","Age in completed years","Total","Number","Total","26,699",""
"2009","Sweden","Age in completed years","Total","Number","Total","102,280",""
"2009","United Kingdom","Age in completed years","Total","Number","Total","566,514",""
"2009","Iceland","Age in completed years","Total","Number","Total","3,921","b"
"2009","Liechtenstein","Age in completed years","Total","Number","Total","584",""
"2009","Norway","Age in completed years","Total","Number","Total","55,953",""
"2009","Switzerland","Age in completed years","Total","Number","Total","160,623",""
"2010","Belgium","Age in completed years","Total","Number","Total","135,281","b"
"2010","Bulgaria","Age in completed years","Total","Number","Total",":",""
"2010","Czechia","Age in completed years","Total","Number","Total","48,317",""
"2010","Denmark","Age in completed years","Total","Number","Total","52,236",""
"2010","Germany (until 1990 former territory of the FRG)","Age in completed years","Total","Number","Total","404,055",""
"2010","Estonia","Age in completed years","Total","Number","Total","2,810",""
"2010","Ireland","Age in completed years","Total","Number","Total","52,339",""
"2010","Greece","Age in completed years","Total","Number","Total","60,462",""
"2010","Spain","Age in completed years","Total","Number","Total","360,705",""
"2010","France","Age in completed years","Total","Number","Total","307,111","b"
"2010","Croatia","Age in completed years","Total","Number","Total","8,846",""
"2010","Italy","Age in completed years","Total","Number","Total","458,856",""
"2010","Cyprus","Age in completed years","Total","Number","Total","20,206",""
"2010","Latvia","Age in completed years","Total","Number","Total","4,011",""
"2010","Lithuania","Age in completed years","Total","Number","Total","5,213",""
"2010","Luxembourg","Age in completed years","Total","Number","Total","16,962",""
"2010","Hungary","Age in completed years","Total","Number","Total","25,519","b"
"2010","Malta","Age in completed years","Total","Number","Total","4,275",""
"2010","Netherlands","Age in completed years","Total","Number","Total","126,776",""
"2010","Austria","Age in completed years","Total","Number","Total","70,978",""
"2010","Poland","Age in completed years","Total","Number","Total","155,131",""
"2010","Portugal","Age in completed years","Total","Number","Total","27,575",""
"2010","Romania","Age in completed years","Total","Number","Total","149,885",""
"2010","Slovenia","Age in completed years","Total","Number","Total","15,416",""
"2010","Slovakia","Age in completed years","Total","Number","Total","5,272",""
"2010","Finland","Age in completed years","Total","Number","Total","25,636",""
"2010","Sweden","Age in completed years","Total","Number","Total","98,801",""
"2010","United Kingdom","Age in completed years","Total","Number","Total","590,950",""
"2010","Iceland","Age in completed years","Total","Number","Total","3,948",""
"2010","Liechtenstein","Age in completed years","Total","Number","Total","591",""
"2010","Norway","Age in completed years","Total","Number","Total","69,214",""
"2010","Switzerland","Age in completed years","Total","Number","Total","161,778",""
"2011","Belgium","Age in completed years","Total","Number","Total","147,377","b"
"2011","Bulgaria","Age in completed years","Total","Number","Total",":",""
"2011","Czechia","Age in completed years","Total","Number","Total","27,114","b"
"2011","Denmark","Age in completed years","Total","Number","Total","52,833",""
"2011","Germany (until 1990 former territory of the FRG)","Age in completed years","Total","Number","Total","489,422",""
"2011","Estonia","Age in completed years","Total","Number","Total","3,709",""
"2011","Ireland","Age in completed years","Total","Number","Total","57,292","b"
"2011","Greece","Age in completed years","Total","Number","Total","60,089","b"
"2011","Spain","Age in completed years","Total","Number","Total","371,331",""
"2011","France","Age in completed years","Total","Number","Total","319,816",""
"2011","Croatia","Age in completed years","Total","Number","Total","8,534",""
"2011","Italy","Age in completed years","Total","Number","Total","385,793",""
"2011","Cyprus","Age in completed years","Total","Number","Total","23,037",""
"2011","Latvia","Age in completed years","Total","Number","Total","10,234",""
"2011","Lithuania","Age in completed years","Total","Number","Total","15,685",""
"2011","Luxembourg","Age in completed years","Total","Number","Total","20,268",""
"2011","Hungary","Age in completed years","Total","Number","Total","28,018",""
"2011","Malta","Age in completed years","Total","Number","Total","5,465",""
"2011","Netherlands","Age in completed years","Total","Number","Total","130,118",""
"2011","Austria","Age in completed years","Total","Number","Total","82,230",""
"2011","Poland","Age in completed years","Total","Number","Total","157,059",""
"2011","Portugal","Age in completed years","Total","Number","Total","19,667",""
"2011","Romania","Age in completed years","Total","Number","Total","147,685",""
"2011","Slovenia","Age in completed years","Total","Number","Total","14,083",""
"2011","Slovakia","Age in completed years","Total","Number","Total","4,829",""
"2011","Finland","Age in completed years","Total","Number","Total","29,481",""
"2011","Sweden","Age in completed years","Total","Number","Total","96,467",""
"2011","United Kingdom","Age in completed years","Total","Number","Total","566,044",""
"2011","Iceland","Age in completed years","Total","Number","Total","4,073",""
"2011","Liechtenstein","Age in completed years","Total","Number","Total","650",""
"2011","Norway","Age in completed years","Total","Number","Total","70,337",""
"2011","Switzerland","Age in completed years","Total","Number","Total","148,799","b"
"2012","Belgium","Age in completed years","Total","Number","Total","129,477",""
"2012","Bulgaria","Age in completed years","Total","Number","Total","14,103","bp"
"2012","Czechia","Age in completed years","Total","Number","Total","34,337",""
"2012","Denmark","Age in completed years","Total","Number","Total","54,409",""
"2012","Germany (until 1990 former territory of the FRG)","Age in completed years","Total","Number","Total","592,175",""
"2012","Estonia","Age in completed years","Total","Number","Total","2,639",""
"2012","Ireland","Age in completed years","Total","Number","Total","61,324",""
"2012","Greece","Age in completed years","Total","Number","Total","58,200",""
"2012","Spain","Age in completed years","Total","Number","Total","304,053",""
"2012","France","Age in completed years","Total","Number","Total","327,431",""
"2012","Croatia","Age in completed years","Total","Number","Total","8,959",""
"2012","Italy","Age in completed years","Total","Number","Total","350,772",""
"2012","Cyprus","Age in completed years","Total","Number","Total","17,476",""
"2012","Latvia","Age in completed years","Total","Number","Total","13,303",""
"2012","Lithuania","Age in completed years","Total","Number","Total","19,843",""
"2012","Luxembourg","Age in completed years","Total","Number","Total","20,478",""
"2012","Hungary","Age in completed years","Total","Number","Total","33,702",""
"2012","Malta","Age in completed years","Total","Number","Total","8,256",""
"2012","Netherlands","Age in completed years","Total","Number","Total","124,566",""
"2012","Austria","Age in completed years","Total","Number","Total","91,557",""
"2012","Poland","Age in completed years","Total","Number","Total","217,546",""
"2012","Portugal","Age in completed years","Total","Number","Total","14,606",""
"2012","Romania","Age in completed years","Total","Number","Total","167,266",""
"2012","Slovenia","Age in completed years","Total","Number","Total","15,022",""
"2012","Slovakia","Age in completed years","Total","Number","Total","5,419","p"
"2012","Finland","Age in completed years","Total","Number","Total","31,278",""
"2012","Sweden","Age in completed years","Total","Number","Total","103,059",""
"2012","United Kingdom","Age in completed years","Total","Number","Total","498,040",""
"2012","Iceland","Age in completed years","Total","Number","Total","4,960",""
"2012","Liechtenstein","Age in completed years","Total","Number","Total","671",""
"2012","Norway","Age in completed years","Total","Number","Total","69,908",""
"2012","Switzerland","Age in completed years","Total","Number","Total","149,051",""
"2013","Belgium","Age in completed years","Total","Number","Total","120,078",""
"2013","Bulgaria","Age in completed years","Total","Number","Total","18,570","p"
"2013","Czechia","Age in completed years","Total","Number","Total","30,124","b"
"2013","Denmark","Age in completed years","Total","Number","Total","60,312",""
"2013","Germany (until 1990 former territory of the FRG)","Age in completed years","Total","Number","Total","692,713",""
"2013","Estonia","Age in completed years","Total","Number","Total","4,109",""
"2013","Ireland","Age in completed years","Total","Number","Total","65,539",""
"2013","Greece","Age in completed years","Total","Number","Total","57,946",""
"2013","Spain","Age in completed years","Total","Number","Total","280,772",""
"2013","France","Age in completed years","Total","Number","Total","338,752",""
"2013","Croatia","Age in completed years","Total","Number","Total","10,378",""
"2013","Italy","Age in completed years","Total","Number","Total","307,454",""
"2013","Cyprus","Age in completed years","Total","Number","Total","13,149",""
"2013","Latvia","Age in completed years","Total","Number","Total","8,299",""
"2013","Lithuania","Age in completed years","Total","Number","Total","22,011",""
"2013","Luxembourg","Age in completed years","Total","Number","Total","21,098",""
"2013","Hungary","Age in completed years","Total","Number","Total","38,968",""
"2013","Malta","Age in completed years","Total","Number","Total","10,897",""
"2013","Netherlands","Age in completed years","Total","Number","Total","129,428",""
"2013","Austria","Age in completed years","Total","Number","Total","101,866",""
"2013","Poland","Age in completed years","Total","Number","Total","220,311",""
"2013","Portugal","Age in completed years","Total","Number","Total","17,554",""
"2013","Romania","Age in completed years","Total","Number","Total","153,646",""
"2013","Slovenia","Age in completed years","Total","Number","Total","13,871",""
"2013","Slovakia","Age in completed years","Total","Number","Total","5,149","p"
"2013","Finland","Age in completed years","Total","Number","Total","31,941",""
"2013","Sweden","Age in completed years","Total","Number","Total","115,845",""
"2013","United Kingdom","Age in completed years","Total","Number","Total","526,046",""
"2013","Iceland","Age in completed years","Total","Number","Total","6,406",""
"2013","Liechtenstein","Age in completed years","Total","Number","Total","696",""
"2013","Norway","Age in completed years","Total","Number","Total","68,313",""
"2013","Switzerland","Age in completed years","Total","Number","Total","160,157",""
"2014","Belgium","Age in completed years","Total","Number","Total","123,158",""
"2014","Bulgaria","Age in completed years","Total","Number","Total","26,615","p"
"2014","Czechia","Age in completed years","Total","Number","Total","29,897",""
"2014","Denmark","Age in completed years","Total","Number","Total","68,388",""
"2014","Germany (until 1990 former territory of the FRG)","Age in completed years","Total","Number","Total","884,893","e"
"2014","Estonia","Age in completed years","Total","Number","Total","3,904",""
"2014","Ireland","Age in completed years","Total","Number","Total","73,519",""
"2014","Greece","Age in completed years","Total","Number","Total","59,013",""
"2014","Spain","Age in completed years","Total","Number","Total","305,454",""
"2014","France","Age in completed years","Total","Number","Total","340,383",""
"2014","Croatia","Age in completed years","Total","Number","Total","10,638",""
"2014","Italy","Age in completed years","Total","Number","Total","277,631",""
"2014","Cyprus","Age in completed years","Total","Number","Total","9,212",""
"2014","Latvia","Age in completed years","Total","Number","Total","10,365",""
"2014","Lithuania","Age in completed years","Total","Number","Total","24,294",""
"2014","Luxembourg","Age in completed years","Total","Number","Total","22,332",""
"2014","Hungary","Age in completed years","Total","Number","Total","54,581",""
"2014","Malta","Age in completed years","Total","Number","Total","14,454",""
"2014","Netherlands","Age in completed years","Total","Number","Total","145,323",""
"2014","Austria","Age in completed years","Total","Number","Total","116,262",""
"2014","Poland","Age in completed years","Total","Number","Total","222,275","p"
"2014","Portugal","Age in completed years","Total","Number","Total","19,516",""
"2014","Romania","Age in completed years","Total","Number","Total","136,035",""
"2014","Slovenia","Age in completed years","Total","Number","Total","13,846",""
"2014","Slovakia","Age in completed years","Total","Number","Total","5,357","p"
"2014","Finland","Age in completed years","Total","Number","Total","31,507",""
"2014","Sweden","Age in completed years","Total","Number","Total","126,966",""
"2014","United Kingdom","Age in completed years","Total","Number","Total","631,991",""
"2014","Iceland","Age in completed years","Total","Number","Total","5,368",""
"2014","Liechtenstein","Age in completed years","Total","Number","Total","615",""
"2014","Norway","Age in completed years","Total","Number","Total","66,903",""
"2014","Switzerland","Age in completed years","Total","Number","Total","156,282",""
"2015","Belgium","Age in completed years","Total","Number","Total","146,626",""
"2015","Bulgaria","Age in completed years","Total","Number","Total","25,223","p"
"2015","Czechia","Age in completed years","Total","Number","Total","29,602",""
"2015","Denmark","Age in completed years","Total","Number","Total","78,492",""
"2015","Germany (until 1990 former territory of the FRG)","Age in completed years","Total","Number","Total","1,543,848","e"
"2015","Estonia","Age in completed years","Total","Number","Total","15,413","b"
"2015","Ireland","Age in completed years","Total","Number","Total","80,792",""
"2015","Greece","Age in completed years","Total","Number","Total","64,446","b"
"2015","Spain","Age in completed years","Total","Number","Total","342,114",""
"2015","France","Age in completed years","Total","Number","Total","364,221",""
"2015","Croatia","Age in completed years","Total","Number","Total","11,706",""
"2015","Italy","Age in completed years","Total","Number","Total","280,078",""
"2015","Cyprus","Age in completed years","Total","Number","Total","15,183",""
"2015","Latvia","Age in completed years","Total","Number","Total","9,479",""
"2015","Lithuania","Age in completed years","Total","Number","Total","22,130",""
"2015","Luxembourg","Age in completed years","Total","Number","Total","23,803",""
"2015","Hungary","Age in completed years","Total","Number","Total","58,344",""
"2015","Malta","Age in completed years","Total","Number","Total","16,936",""
"2015","Netherlands","Age in completed years","Total","Number","Total","166,872",""
"2015","Austria","Age in completed years","Total","Number","Total","166,323",""
"2015","Poland","Age in completed years","Total","Number","Total","218,147","p"
"2015","Portugal","Age in completed years","Total","Number","Total","29,896","e"
"2015","Romania","Age in completed years","Total","Number","Total","132,795","e"
"2015","Slovenia","Age in completed years","Total","Number","Total","15,420",""
"2015","Slovakia","Age in completed years","Total","Number","Total","6,997","p"
"2015","Finland","Age in completed years","Total","Number","Total","28,746",""
"2015","Sweden","Age in completed years","Total","Number","Total","134,240",""
"2015","United Kingdom","Age in completed years","Total","Number","Total","631,452",""
"2015","Iceland","Age in completed years","Total","Number","Total","5,635",""
"2015","Liechtenstein","Age in completed years","Total","Number","Total","657",""
"2015","Norway","Age in completed years","Total","Number","Total","60,816",""
"2015","Switzerland","Age in completed years","Total","Number","Total","153,627",""
"2016","Belgium","Age in completed years","Total","Number","Total","123,702",""
"2016","Bulgaria","Age in completed years","Total","Number","Total","21,241",""
"2016","Czechia","Age in completed years","Total","Number","Total","64,083",""
"2016","Denmark","Age in completed years","Total","Number","Total","74,383",""
"2016","Germany (until 1990 former territory of the FRG)","Age in completed years","Total","Number","Total","1,029,852","b"
"2016","Estonia","Age in completed years","Total","Number","Total","14,822",""
"2016","Ireland","Age in completed years","Total","Number","Total","85,185",""
"2016","Greece","Age in completed years","Total","Number","Total","116,867","b"
"2016","Spain","Age in completed years","Total","Number","Total","414,746",""
"2016","France","Age in completed years","Total","Number","Total","378,115",""
"2016","Croatia","Age in completed years","Total","Number","Total","13,985",""
"2016","Italy","Age in completed years","Total","Number","Total","300,823",""
"2016","Cyprus","Age in completed years","Total","Number","Total","17,391",""
"2016","Latvia","Age in completed years","Total","Number","Total","8,345",""
"2016","Lithuania","Age in completed years","Total","Number","Total","20,162",""
"2016","Luxembourg","Age in completed years","Total","Number","Total","22,888",""
"2016","Hungary","Age in completed years","Total","Number","Total","53,618",""
"2016","Malta","Age in completed years","Total","Number","Total","17,051",""
"2016","Netherlands","Age in completed years","Total","Number","Total","189,232",""
"2016","Austria","Age in completed years","Total","Number","Total","129,509",""
"2016","Poland","Age in completed years","Total","Number","Total","208,302","ep"
"2016","Portugal","Age in completed years","Total","Number","Total","29,925","e"
"2016","Romania","Age in completed years","Total","Number","Total","137,455",""
"2016","Slovenia","Age in completed years","Total","Number","Total","16,623",""
"2016","Slovakia","Age in completed years","Total","Number","Total","7,686","p"
"2016","Finland","Age in completed years","Total","Number","Total","34,905",""
"2016","Sweden","Age in completed years","Total","Number","Total","163,005",""
"2016","United Kingdom","Age in completed years","Total","Number","Total","588,993",""
"2016","Iceland","Age in completed years","Total","Number","Total","8,710",""
"2016","Liechtenstein","Age in completed years","Total","Number","Total","607",""
"2016","Norway","Age in completed years","Total","Number","Total","61,460",""
"2016","Switzerland","Age in completed years","Total","Number","Total","149,305",""
"2017","Belgium","Age in completed years","Total","Number","Total","126,703",""
"2017","Bulgaria","Age in completed years","Total","Number","Total","25,597","p"
"2017","Czechia","Age in completed years","Total","Number","Total","51,847",""
"2017","Denmark","Age in completed years","Total","Number","Total","68,579",""
"2017","Germany (until 1990 former territory of the FRG)","Age in completed years","Total","Number","Total","917,109","be"
"2017","Estonia","Age in completed years","Total","Number","Total","17,616",""
"2017","Ireland","Age in completed years","Total","Number","Total","78,499",""
"2017","Greece","Age in completed years","Total","Number","Total","112,247",""
"2017","Spain","Age in completed years","Total","Number","Total","532,132",""
"2017","France","Age in completed years","Total","Number","Total","369,964",""
"2017","Croatia","Age in completed years","Total","Number","Total","15,553",""
"2017","Italy","Age in completed years","Total","Number","Total","343,440",""
"2017","Cyprus","Age in completed years","Total","Number","Total","21,306",""
"2017","Latvia","Age in completed years","Total","Number","Total","9,916",""
"2017","Lithuania","Age in completed years","Total","Number","Total","20,368",""
"2017","Luxembourg","Age in completed years","Total","Number","Total","24,379",""
"2017","Hungary","Age in completed years","Total","Number","Total","68,070",""
"2017","Malta","Age in completed years","Total","Number","Total","21,676",""
"2017","Netherlands","Age in completed years","Total","Number","Total","189,646",""
"2017","Austria","Age in completed years","Total","Number","Total","111,801",""
"2017","Poland","Age in completed years","Total","Number","Total","209,353","ep"
"2017","Portugal","Age in completed years","Total","Number","Total","36,639","e"
"2017","Romania","Age in completed years","Total","Number","Total","177,435","e"
"2017","Slovenia","Age in completed years","Total","Number","Total","18,808",""
"2017","Slovakia","Age in completed years","Total","Number","Total","7,188","p"
"2017","Finland","Age in completed years","Total","Number","Total","31,797",""
"2017","Sweden","Age in completed years","Total","Number","Total","144,489",""
"2017","United Kingdom","Age in completed years","Total","Number","Total","644,209",""
"2017","Iceland","Age in completed years","Total","Number","Total","12,116",""
"2017","Liechtenstein","Age in completed years","Total","Number","Total","645",""
"2017","Norway","Age in completed years","Total","Number","Total","53,351",""
"2017","Switzerland","Age in completed years","Total","Number","Total","143,377",""
